id,title,first_name,middle_name,last_name,address,city,state,zipcode,country,email,username,phone
9c495a3f-185a-423c-a1a9-b72b80b6c342,Mrs.,Alma,R,Ellertsdóttir,4506 Queens Lane,Lynchburg,VA,24501,US,AlmaEllertsdottir@teleworm.us,Evor1943,434-826-3180
227ee94f-959c-405d-86c4-8c50baecab9e,Ms.,Sabine,B,Metzger,394 Hillview Drive,San Francisco,CA,94103,US,SabineMetzger@cuvox.de,Awasine,707-216-7660
e8d1c81f-2f11-4ac5-ba64-3cf3580cdabd,Ms.,Áshildur,D,Kristjánsdóttir,424 Byrd Lane,Metairie,LA,70001,US,AshildurKristjansdottir@rhyta.com,Incents,504-984-6530
ac98a980-a945-4449-95dd-9b03c99b3d99,Ms.,Melissa,B,Lee,2371 Musgrave Street,Atlanta,GA,30342,US,MelissaLee@rhyta.com,Drowed,404-943-0826
adb49eb2-be6f-4a48-85b9-00c75faf1257,Mr.,Brhane,F,Brhane,1434 Illinois Avenue,Portland,OR,97205,US,BrhaneBrhane@fleckens.hu,Seding,503-725-8963
d741ec0e-f90f-4f2c-a584-f62afc0da502,Dr.,Valgeir,S,Daníelsson,883 White River Way,Kaysville,UT,84037,US,ValgeirDanielsson@einrot.com,Pladery55,801-549-8641
39923876-0e4a-4c14-ac1d-23dbb94b5120,Mrs.,Pauline,K,Jakobsen,4473 Rardin Drive,San Francisco,CA,94124,US,PaulineJakobsen@rhyta.com,Theassy,650-732-7452
0ea885ff-ce21-408d-b4c0-c32b81c919df,Ms.,Walladah,M,Morcos,676 Woodhill Avenue,Towson,MD,21204,US,WalladahMalihaMorcos@cuvox.de,Unge1961,410-821-6485
4b2c51d8-2150-4306-9df7-4a7ec997cfdc,Mrs.,Brigida,S,Udinese,514 Veltri Drive,Marquette,MI,49855,US,BrigidaUdinese@rhyta.com,Sightle,906-984-4150
e644408e-7c4d-40dc-b462-7b9c26beb3f5,Mrs.,Sara,E,Garðarsdóttir,2720 Trymore Road,Odin,MN,56160,US,SaraGararsdottir@einrot.com,Frai1954,507-736-1539
4d3ef31d-c8f6-429e-8551-fa2f0299a7aa,Ms.,Emily,D,Ribeiro,92 Masonic Drive,Helena,MT,59601,US,EmilyDiasRibeiro@superrito.com,Therrown,406-564-2013
eb2c06a5-1b46-4c68-9d5f-f9fea886c0cf,Mr.,Sebastian,A,Schuhmacher,3504 Shadowmar Drive,Metairie,LA,70001,US,SebastianSchuhmacher@superrito.com,Uniagard41,504-835-4342
0a39c7d5-aaaf-49a4-91e2-ef99352a5b4d,Dr.,Marian,S,Riner,377 Stark Hollow Road,Denver,CO,80203,US,MarianSRiner@einrot.com,Wilthe,970-744-5426
39d9236a-2f5e-4611-ac91-0a36244ba852,Mr.,Hirohiko,Y,Kawasaki,3409 Petunia Way,Thorsby,AL,35171,US,HirohikoKawasaki@dayrep.com,Thoulladay,205-857-1529
180ec570-70e2-4d6e-b405-b77e74277111,Mrs.,Sylwia,J,Kowalczyk,3867 Boundary Street,Jacksonville,FL,32216,US,SylwiaKowalczyk@superrito.com,Mandear1985,904-683-7583
1e22a619-c450-4f09-b2ea-37bef7e0ba08,Mrs.,Mikayo,K,Nakanishi,2264 Michigan Avenue,Greenville,PA,16125,US,MikayoNakanishi@gustr.com,Jestated,724-589-1360
22a12ab2-7594-4c6a-990e-840a6d58dce2,Mr.,Lucas,L,Wardell,4124 Blair Court,Slater,MO,65349,US,LucasWardell@teleworm.us,Laure1959,660-529-6162
efaf3000-8eba-4fa3-b3f3-3d94f6367be5,Mr.,Sebastian,C,Brokken,4651 Rosemont Avenue,Melbourne,FL,32901,US,SebastianBrokken@jourrapide.com,Awrossing,321-723-1986
d7fe9055-ffa4-404b-b8df-147522c9a452,Mr.,Rasmus,C,Jonsson,2657 Caldwell Road,Bliss,NY,14024,US,RasmusJonsson@teleworm.us,Frenjudipt,585-322-0309
512101d1-1146-4937-b371-8e57647772ba,Mr.,Reece,N,Lewis,610 Layman Avenue,Rockingham,NC,28379,US,ReeceLewis@jourrapide.com,Knordn,910-894-5871
412316c5-7447-4ef9-8723-d4f22d55ec3a,Mrs.,Karis,D,McIntosh,1099 Confederate Drive,Camillus,NY,13031,US,KarisMcIntosh@gustr.com,Hilletty,315-708-6763
dc1dcd96-ac86-498e-9f77-f34af4c8176d,Mr.,Graham,R,Stevenson,3617 Villa Drive,South Bend,IN,46601,US,GrahamStevenson@fleckens.hu,Youltakince,574-309-6332
d33f41a1-dbe9-4374-9e50-3f5f71c7cdc2,Mr.,Rodgeir,I,Risnes,1880 Smith Road,Marietta,GA,30062,US,RodgeirRisnes@einrot.com,Saking,770-973-2576
0fb82723-5d10-4ebb-b9fc-ad0442797657,Mrs.,Chow,J,Liao,970 Maple Street,Anaheim,CA,92805,US,ChowLiao@einrot.com,Sprid1962,714-300-2708
2bf5664d-ff7a-416c-bcd4-cbd5cf67292f,Mrs.,Euphrosyne,H,Mironova,408 Cedar Lane,Newton,MA,02160,US,EuphrosyneMironova@dayrep.com,Searmson,617-644-4901
57a8219f-e517-4e99-92ba-13e41be78de4,Mr.,Nevin,Z,van Vuren,4462 Edington Drive,Roswell,GA,30076,US,NevinvanVuren@gustr.com,Dienteor,678-852-1562
7b46cad9-2ac0-4003-9f49-2cb46b70e344,Ms.,Penelope,B,Kerr,1781 Brooke Street,Houston,TX,77016,US,PenelopeKerr@rhyta.com,Youthisesir,713-631-0156
357513f0-266c-4529-8b7e-a56fe1a0202d,Ms.,Africa,A,Cedillo,1629 Clover Drive,Colorado Springs,CO,80918,US,AfricaCedilloOrellana@teleworm.us,Jusionly,719-262-6018
56849a7a-2f31-4c6c-981a-79ce3b5b26f3,Mrs.,Nwamaka,A,Chukwuebuka,1237 Andell Road,Columbus,OH,43215,US,NwamakaChukwuebuka@rhyta.com,Busteding,614-948-5785
7c8f0e57-779e-4f3c-b5c7-f9e70a5293d4,Mrs.,Yên,K,Hà,933 Forest Drive,Mclean,VA,22101,US,HaKimYen@jourrapide.com,Agemput1978,703-854-7261
7646a31c-79b2-4316-81bc-e0653b284d0d,Mr.,Flint,Z,van Slooten,4133 Spirit Drive,Boys Ranch,FL,32060,US,FlintvanSlooten@gustr.com,Hirrity76,386-842-1672
6297f718-ba63-4427-adc7-afa9a42947f5,Mr.,Cristian,M,Davide,2679 Chapel Street,Houston,TX,77002,US,CristianDavide@rhyta.com,Gian1966,281-716-2646
2bbe51c5-185e-4db1-b3f3-85334345b90e,Mrs.,Brooke,T,Winter,2978 Werninger Street,Houston,TX,77025,US,BrookeWinter@dayrep.com,Nountylegrel,832-778-1538
a48f27c0-61b7-41a0-ab61-88cceca1d8a7,Mrs.,Zewdi,Y,Iggi,1658 Sycamore Street,San Jose,CA,95127,US,ZewdiIggi@superrito.com,Stuaque,408-937-5118
4c5368be-6ae3-4672-9648-3e7bd8369e63,Mr.,Gottfrid,P,Lindgren,1073 Eagle Drive,Monroe,MI,48162,US,GottfridLindgren@cuvox.de,Youstand,734-790-8442
94db848e-ec4a-4397-8a5c-68399734487a,Mrs.,Unnur,I,Pálmadóttir,3803 Emerson Road,Waterproof,LA,71375,US,UnnurPalmadottir@jourrapide.com,Theyed,318-749-4388
d9845622-61fa-4c8f-96c2-2101d0bcbe99,Ms.,Ilona,T,van den Hoogen,4474 Broadcast Drive,Washington,VA,20200,US,IlonavandenHoogen@dayrep.com,Fornelets,703-952-6146
e3070f43-5923-4d17-a129-707ed3b0b22e,Mr.,Tyko,R,Heikelä,2014 Lakewood Drive,Englewood,NJ,07631,US,TykoHeikela@fleckens.hu,Ahat1934,201-816-9303
26e2acd8-b2af-47ca-8555-8dca3c28775f,Ms.,Evelyn,S,Martins,1863 Cambridge Place,Elkton,MD,21921,US,EvelynSousaMartins@cuvox.de,Abligaverins,410-620-9082
e6cf90a9-ae10-46c4-b22f-30014a865dc7,Dr.,Guilherme,P,Alves,91 Bassel Street,New Orleans,LA,70171,US,GuilhermePintoAlves@jourrapide.com,Crist1968,985-318-4741
9c556c32-2250-49bd-b7be-79b3da8cecee,Mr.,Oskar,N,Madsen,1566 Ashford Drive,Washington,VA,20200,US,OskarNMadsen@teleworm.us,Hineen,703-639-5133
e3d35c40-54bd-49e3-a789-f8373631f85e,Mrs.,Regina,E,Yudina,4632 Lyndon Street,Robesonia,PA,19551,US,ReginaYudina@jourrapide.com,Witalarry,610-693-4068
c1572568-73f3-4f76-9c4e-159351cebe69,Ms.,'Iffah,J,Morcos,1741 Turnpike Drive,Childersburg,AL,35044,US,IffahJihanMorcos@gustr.com,Affeentogy,256-378-1761
11f7a1ef-73b7-4f1f-a341-087d406cb96c,Ms.,Chiêm,T,Đặng,4582 Oakridge Lane,Macon,GA,31201,US,angThiMaiChiem@fleckens.hu,Mank1959,478-228-1879
1a3fbeca-82e6-4d2d-bc1c-2249bbd1129c,Ms.,Skye,C,Dobie,2969 Hillside Drive,Charlestown,MA,02129,US,SkyeDobie@jourrapide.com,Foreadfat,339-200-1595
f3f57ce5-4595-435b-936a-b4b6fe0a958d,Mr.,Ozséb,V,Jónás,727 Ray Court,Lumberton,NC,28358,US,JonasOzseb@cuvox.de,Loored69,910-272-3541
17bc3de7-e540-48e3-9b46-15c2cceee74a,Mr.,Emil,E,Schultz,4888 Duck Creek Road,Oakland,CA,94612,US,EmilESchultz@armyspy.com,Flid1949,650-898-0100
251d29e4-6a7b-43eb-842b-b71ac38d5775,Ms.,Wendela,E,Karlsson,1843 Hampton Meadows,Lawrence,MA,01840,US,WendelaKarlsson@armyspy.com,Appruirenve,978-332-5906
8568d2ba-a03f-48fb-8555-d1f38917d383,Mrs.,Auður,A,Sigvaldadóttir,2306 Bombardier Way,Ann Arbor,MI,48104,US,AuurSigvaldadottir@teleworm.us,Sile1960,734-996-2707
eab6d0c9-a72c-4368-8ed6-fe6f07bb4f0b,Mr.,Servio,K,Ramón,2448 Big Indian,New Orleans,LA,70112,US,ServioRamonNunez@rhyta.com,Hilewhousels,504-552-2022
9aad8990-12d1-4305-af5a-a9054defa41d,Mr.,František,I,Mikulenka,4365 Joy Lane,Los Angeles,CA,90017,US,FrantisekMikulenka@jourrapide.com,Frold1962,818-578-2529
dfb2c38a-480e-4c6a-ab89-5ac02bfe49fb,Ms.,Taina,P,Harkimo,429 Commerce Boulevard,Norfolk,NE,68701,US,TainaHarkimo@dayrep.com,Dect1987,402-622-5551
696da3c4-94dc-4895-a349-541c1e142d16,Mr.,Frankie,A,Mackay,4048 Jerome Avenue,Harlingen,TX,78550,US,FrankieMackay@teleworm.us,Fourplealis1968,956-223-7593
4277d230-7186-467e-a8f9-f218420e2372,Mr.,Bo,E,Parnela,1632 Lunetta Street,Siesta Key,FL,34242,US,BoParnela@einrot.com,Amming1969,941-312-6201
a1e20fd4-1e2d-4f60-b5c2-dd8e2b91aac4,Mr.,Ivan,J,Smith,3343 Findley Avenue,Hoople,ND,58243,US,IvanSmith@gustr.com,Theyessent55,701-894-0456
d769610a-1e15-410c-9c10-9df6d4cfc7ae,Ms.,Như,T,Đinh,3132 Lena Lane,Hattiesburg,MS,39401,US,inhThiMaiNhu@einrot.com,Equother,601-494-8608
9cdbc720-2bf1-4963-93cf-c3ca0dd48ed4,Ms.,Jennifer,F,Easterday,3056 Bond Street,Providence,RI,02905,US,JenniferFEasterday@dayrep.com,Befer1949,401-781-2906
5c05fe61-fc8b-4b56-adbc-dad90185abe2,Ms.,Cerys,R,Watson,2505 Berry Street,Pueblo,CO,81003,US,CerysWatson@cuvox.de,Thespery43,719-778-5724
5c3ceace-9aad-421b-978b-7fa5abf9a010,Mr.,Yasunobu,Y,Hosokawa,3513 Burwell Heights Road,Beaumont,TX,77701,US,YasunobuHosokawa@cuvox.de,Cosper,409-651-8635
a9f4150f-04a0-43e4-a56d-3d800de16b62,Mr.,Dominic,I,Gustafsson,3285 Sycamore Fork Road,Fort Lauderdale,FL,33301,US,DominicGustafsson@teleworm.us,Paider,954-207-5837
15d2c3e6-fcfe-414a-94c7-7c3351f373a5,Mr.,Ramiro,A,Kryukov,4987 Clay Lick Road,Denver,CO,80221,US,RamiroKryukov@fleckens.hu,Backis38,720-587-3951
4b6b18ba-152d-4353-bee2-344ac53da362,Dr.,Rebeca,S,Sousa,2218 O Conner Street,Biloxi,MS,39531,US,RebecaSilvaSousa@teleworm.us,Turrearle,228-669-3844
33cb8f02-ec6a-44e8-9b3a-a3aa2e4c0741,Ms.,Arina,J,Shimada,4163 Wood Street,Grand Isle,LA,70358,US,ArinaShimada@dayrep.com,Kinge1956,985-787-1774
edfbfc0b-2e92-4b90-95e5-b1c9135622ae,Ms.,Sally,R,Cornett,3931 Emerson Road,Shreveport,LA,71115,US,SallyRCornett@superrito.com,Mher1951,318-798-9156
775a87d6-a37f-4218-b754-ab752b935511,Ms.,Lydia,H,Muravyova,4559 Horizon Circle,Tukwila,WA,98168,US,LydiaMuravyova@rhyta.com,Entall,253-648-1670
65913310-76fb-49da-afe9-c303a326225f,Mr.,Faraón,M,Gamez,4609 Juniper Drive,Mio,MI,48647,US,FaraonGamezGrijalva@gustr.com,Labsed,989-826-8354
898480aa-36a7-4efc-be6b-699f129528a7,Mrs.,Judith,J,Ellis,2599 Cheshire Road,New York,CT,10011,US,JudithJEllis@teleworm.us,Minuncen,203-413-8626
d6298b55-38d1-4eab-92c1-0f418cd73f8e,Ms.,Georgina,G,Lakatos,1881 Driftwood Road,Santa Clara,CA,95054,US,LakatosGeorgina@cuvox.de,Bandonly,408-401-0893
43ef2def-2784-439f-8d7f-1306133f817c,Ms.,Kate,A,Power,972 Burke Street,Bedford,MA,01730,US,KatePower@teleworm.us,Finstiout,781-275-9284
f24a736c-1405-40e3-9b02-6f2f084a2fd4,Mrs.,Malou,E,Jørgensen,3763 Park Boulevard,Pulaski,IA,52584,US,MalouEJrgensen@gustr.com,Deeng1986,641-675-3974
8f44c9cf-7311-4291-9bb4-397bb1e4fa5c,Mr.,Nyék,A,Kaszás,150 Smith Road,Monticello,GA,31064,US,KaszasNyek@jourrapide.com,Pinas1973,770-940-0569
0266dd7f-f71b-4054-9952-ef258410fce9,Mr.,Salih,Z,Sarraf,219 Burwell Heights Road,Beaumont,TX,77701,US,SalihZainSarraf@jourrapide.com,Rombass,409-730-1139
7dfd6093-8820-45b2-a7c2-89bccd310373,Mr.,Yegor,L,Bulgakov,4876 Cecil Street,Chicago,IL,60606,US,YegorBulgakov@superrito.com,Knect1954,312-214-6224
8d218a7c-bfb9-427e-8db2-5abf79bda08c,Mr.,Tuomas,S,Hasu,2761 Maxwell Street,Middletown,CT,06457,US,TuomasHasu@rhyta.com,Rinte1933,860-753-6574
55bc4e4d-e510-4325-bb20-aa96e25b9aeb,Mr.,Mika,F,Lidal,4426 Rosebud Avenue,Little Rock,AR,72212,US,MikaLidal@fleckens.hu,Muchatitily1936,870-384-1662
f6d717b3-177b-4fd7-b751-f616a7e717d3,Ms.,Andrea,T,Bumgarner,1134 Norma Lane,Monroe,LA,71201,US,AndreaBumgarner@fleckens.hu,Beind1943,318-548-3403
816556f0-5ccf-4438-8f49-b3966a80745d,Mr.,Guo,Z,Liang,218 Fire Access Road,High Point,NC,27260,US,GuoLiang@cuvox.de,Seemorger,336-883-4853
5add47cd-50e0-4881-8123-2f568e6cd8b4,Mr.,Chidalu,S,Onyemauchechi,1832 Hillcrest Lane,Irvine,CA,92614,US,ChidaluOnyemauchechi@einrot.com,Maniab,949-910-8103
13376b8f-80b0-4739-9963-fab8d1e94dd0,Ms.,Francesca,L,Hargreaves,3577 White River Way,Salt Lake City,UT,84116,US,FrancescaHargreaves@gustr.com,Haring53,801-502-1175
307ddc68-c20a-4664-8393-08210cc8ab99,Mrs.,Aili,M,Risku,1420 Meadowbrook Mall Road,Wilmington,CA,90744,US,AiliRisku@dayrep.com,Preple1931,310-835-7144
c853912b-d0a5-4d29-bc66-21aa7049842c,Dr.,Nikolai,B,Heggem,1336 Roguski Road,Monroe,LA,71201,US,NikolaiHeggem@cuvox.de,Lontageman,318-325-0730
0a6a87b2-3c9a-4b59-baa8-98629706e9ab,Mr.,Iwan,O,Mikalsen,3782 Wiseman Street,Knoxville,TN,37929,US,IwanMikalsen@einrot.com,Buth1936,865-276-1469
8c40bd9a-252c-48d2-9c7d-4520c5aee4d8,Mr.,Melvyn,A,Benthem,1597 Wescam Court,West Roxbury,MA,02132,US,MelvynBenthem@fleckens.hu,Habing,781-223-4363
c47e4941-6b97-487a-9eaa-910f4a88128d,Mrs.,Jelena,S,Petrović,3461 Beechwood Drive,Baltimore,MD,21202,US,JelenaPetrovic@teleworm.us,Clibing,410-970-9920
a4bb3bf9-73c6-4abd-a41c-4c0d0b1bd1fb,Mr.,Sousuke,R,Kan,180 Thompson Drive,San Francisco,CA,94107,US,SousukeKan@einrot.com,Heake1979,510-474-5193
327248f1-996c-4730-b131-5848fda1dbad,Mr.,Petrus,A,Sjöberg,1384 Elsie Drive,Sioux Falls,SD,57102,US,PetrusSjoberg@rhyta.com,Yountivell95,605-335-0937
d886e658-ad73-4ab3-89b7-dab235072475,Mr.,Moustapha,V,Nabuurs,990 Webster Street,Newark,NJ,07102,US,MoustaphaNabuurs@cuvox.de,Daint1965,732-626-0381
ef0eb357-ae36-4e09-998c-c95991fe56ab,Mrs.,Saja,T,Salib,2826 Elk Street,Irvine,CA,92614,US,SajaThurayyaSalib@armyspy.com,Nobroact,949-748-8472
2c2d9390-9684-44bf-a362-e8ca5cee0c88,Mr.,Pavel,M,Vícha,3075 Crowfield Road,Phoenix,AZ,85018,US,PavelVicha@gustr.com,Thenue,602-912-3264
5715cadc-6604-400d-b064-222032f60a39,Ms.,Ísfold,Á,Pétursdóttir,3100 B Street,Saint Paul,MN,55104,US,IsfoldPetursdottir@teleworm.us,Bovestesin,651-649-6216
b193d09b-c315-4ba1-8a14-48a9d496b75c,Mr.,Hont,E,Németh,3465 Echo Lane,Grand Rapids,MI,49503,US,NemethHont@fleckens.hu,Smusbuty1969,269-815-6988
4438979c-c634-4124-9329-128d129ebbde,Ms.,Isabella,S,Bryan,2852 Friendship Lane,San Francisco,CA,94104,US,IsabellaBryan@einrot.com,Usio1995,408-564-5861
eed3bba3-2cd2-4b9c-be35-b4b3a16937b0,Ms.,Aoi,E,Furukawa,1822 Hart Street,Windsor,CT,06095,US,AoiFurukawa@teleworm.us,Entsion53,860-306-1074
4652e03f-347b-46f3-bceb-75958b8bc841,Mr.,Jakob,S,Þráinsson,4579 Lauren Drive,Madison,WI,53703,US,Jakobrainsson@einrot.com,Fulies,608-479-9029
0c4ecbe3-6b30-4ad6-acb3-f6ce718ea3c9,Ms.,Wan,H,van der Moolen,3415 Raintree Boulevard,Crystal,MN,55429,US,WanvanderMoolen@dayrep.com,Vall1977,763-971-8085
d78bcca1-fc79-4e3c-ac3a-d9052a6c5ac8,Mrs.,Raissa,P,Rodrigues,4607 Ripple Street,Atlanta,MI,49709,US,RaissaPereiraRodrigues@armyspy.com,Miseen30,989-785-9920
1b66959b-338d-4ba3-b222-f46e6c43ef66,Mr.,Jaroslav,Z,﻿Horák,826 Luke Lane,Battiest,OK,74722,US,JaroslavHorak@armyspy.com,Gnim1989,580-241-6097
d68940c8-97bb-4f6a-ae28-0ad1e78537f4,Ms.,Tarja,M,Styrman,2250 Clarence Court,Rancho Cucamonga,CA,91730,US,TarjaStyrman@cuvox.de,Dindor,909-980-3621
8f5e5379-2a78-49dc-8a91-bcf614cad802,Mr.,Lars,P,Knudsen,2648 Austin Avenue,Saint Simons Island,GA,31522,US,LarsKnudsen@jourrapide.com,Boise1992,912-291-1848
8ec9185f-c6a6-4e6b-b635-66c0af5985ce,Mr.,Marian,F,Maciejewski,129 Scenic Way,Dana,IL,47847,US,MarianMaciejewski@cuvox.de,Halliessed,217-666-3525
51adb150-2706-4ecb-a0be-5e759489055a,Ms.,Martha,B,Abaalom,1685 Ottis Street,Oklahoma City,OK,73102,US,MarthaAbaalom@dayrep.com,Sime1970,405-355-0374
aef9946e-aa44-4f33-8030-49d545dd0432,Mr.,Børild,I,Ytterstad,3428 Jones Avenue,Reeds,NC,27292,US,BrildYtterstad@gustr.com,Thadjaink,336-797-4330
c95d12fe-cdcc-4a6d-b882-84e7eda26f54,Mr.,Hont,D,Kuntz,3074 Woodside Circle,Pensacola,FL,32514,US,KuntzHont@jourrapide.com,Stanothom,850-839-5439
0ad6685b-8a51-4ed2-abc7-190ad4b3123a,Ms.,Thà,T,Lý,1747 Flanigan Oaks Drive,Bethesda,MD,20014,US,LyThiGamTha@gustr.com,Pling1990,301-320-8601
94833e43-1143-427f-8ab0-2b59e7193f7b,Ms.,Katie,B,Bradshaw,424 Frosty Lane,Binghamton,NY,13901,US,KatieBradshaw@einrot.com,Suabt1933,607-721-0435
9d25aad0-85ce-4990-80a8-6edcd7b68984,Mr.,Merfin,M,Čorbić,3328 Pooz Street,Long Branch,NJ,07740,US,MerfinCorbic@gustr.com,Herfulity1952,732-229-6535
7f8f3bec-926f-401a-b6e4-271a9b032f45,Mr.,Nebay,F,Rezene,4899 Romrog Way,Grand Island,NE,68801,US,NebayRezene@einrot.com,Proservand64,308-279-1611
588995dd-013f-471c-9fcf-42c0113f48a0,Ms.,Laura,J,Freitag,1465 Fairway Drive,San Jose,CA,95113,US,LauraFreitag@jourrapide.com,Wout1932,707-414-5702
bd765fad-db50-4ec8-b72d-bebb7f6ca284,Mr.,Michinori,K,Matsushita,125 Duck Creek Road,San Bruno,CA,94066,US,MichinoriMatsushita@teleworm.us,Grosen,650-872-9816
04c970c8-106e-4a3f-9418-746c3877e825,Mrs.,Brunella,N,Brochu,876 Black Stallion Road,Lexington,KY,40509,US,BrunellaBrochu@armyspy.com,Sapas1944,859-576-6940
53d38020-19f1-4642-8375-64a188591fda,Ms.,Natsu,F,Kozawa,1628 Green Hill Road,Little Rock,AR,72201,US,NatsuKozawa@jourrapide.com,Lifulty,479-432-7045
4df23007-d66e-41f2-98cf-67870e9086a1,Mr.,Wit,L,Zając,1267 Meadow Drive,Geary,OK,73040,US,WitZajac@fleckens.hu,Tandinque,405-884-7300
7bda843a-ad54-4bfd-a762-acd80159d225,Ms.,Elizabeth,K,Le,3571 Norma Avenue,Houston,TX,77063,US,ElizabethKLe@gustr.com,Nuir1967,936-933-2608
135503d3-5e05-442d-8d64-beb664df790a,Mr.,Koushuu,M,Higa,1462 Lindale Avenue,Hayward,CA,94541,US,KoushuuHiga@dayrep.com,Drigatured,510-581-4615
fde5f2cc-f0e6-4e35-b38b-f7232f6aa4e0,Mr.,Lục,M,Nghiêm,3070 Oakmound Road,Chicago,IL,60661,US,NghiemMinhLuc@superrito.com,Succur,773-250-2791
877eb237-d514-40fc-bffb-8bece5597666,Mrs.,Kristinn,G,Jakobsdóttir,2562 Emerson Road,Cotton Valley,LA,71018,US,KristinnJakobsdottir@cuvox.de,Aneent,318-832-7850
0ceae66f-f002-471b-8687-00e5456e789c,Mr.,Bowy,M,Lubbers,2170 Cimmaron Road,Anaheim,CA,92801,US,BowyLubbers@jourrapide.com,Pricien,714-655-4764
e1b5b1a6-8bbd-4bb4-9799-228c9616a0e6,Ms.,Filippa,D,Lauridsen,3508 Granville Lane,Morristown,NJ,07960,US,FilippaDLauridsen@einrot.com,Wittle,973-490-4732
ee8cd7dd-72df-40d8-8936-b16e5ac0fe13,Mr.,Lee,L,Ts'ai,193 Stutler Lane,Altoona,PA,16601,US,LeeTsai@armyspy.com,Wiling,814-394-7264
7d02df54-fb93-4363-9b07-ef8d7bc7329d,Mr.,Soulaïman,H,Pijpers,3796 Benedum Drive,Congers,NY,10920,US,SoulaimanPijpers@cuvox.de,Nothareabror,845-268-6591
dd9fb5f0-a2a3-4912-a6c7-153ca81d9327,Ms.,Charlotte,M,Møller,2572 Paradise Lane,Riverside,CA,92507,US,CharlotteMller@rhyta.com,Sheeptiou,909-742-6794
17bc86da-5f6a-451b-9578-0c948881c904,Ms.,Vilmike,A,Nystuen,2949 Twin Willow Lane,Charlotte,NC,28202,US,VilmikeNystuen@einrot.com,Counwent,910-415-9826
b67d8601-c494-4c52-a2ea-3bbd70a54699,Mr.,Kong,L,Hou,1407 Longview Avenue,Whitestone,NY,11357,US,KongHou@gustr.com,Alighway,718-541-6781
4f163b0f-fdb3-40c4-a5d8-2e07e8e655b9,Mrs.,Thea,T,Koch,4926 Camden Place,Florence,SC,29501,US,TheaTKoch@gustr.com,Eaccon,843-992-2177
46e3f54d-ab45-4308-9b04-8aaacd208bdd,Ms.,Dalia,M,Ekström,4524 Jacobs Street,Pittsburgh,PA,15205,US,DaliaEkstrom@gustr.com,Prixed42,412-293-2366
c731ca4b-5044-498e-ad21-2c6ee9aea35d,Mr.,Tobenna,N,Otitodilichukwu,853 Baker Avenue,Dallas,TX,75207,US,TobennaOtitodilichukwu@rhyta.com,Onapt1942,817-812-6554
f8eca7b6-90ea-4783-91ba-1835ebf0dfe4,Mrs.,Muriel,H,Navarrete,4032 Edington Drive,Roswell,GA,30076,US,MurielNavarreteEscobedo@gustr.com,Guesse,678-778-5253
d42d9fda-207e-4ac2-b78d-27c0eb5f7cae,Mr.,Nhơn,C,Phùng,3448 Cheshire Road,Hartford,CT,06103,US,PhungCaoNhon@teleworm.us,Satedilly,203-409-8735
4ecd587f-eba7-4ba1-8774-88e869bbe580,Mrs.,Hannele,J,Reinikainen,3220 Main Street,Lynnwood,WA,98036,US,HanneleReinikainen@teleworm.us,Baces1993,425-744-4277
74fd8694-74d3-43f3-bebd-b61df4655f12,Mrs.,Mary,J,Voronova,4502 Devils Hill Road,Jackson,MS,39201,US,MaryVoronova@armyspy.com,Dozedilitry,601-801-5643
6906fbb8-8130-430b-b8cd-332162942a7c,Mrs.,Michelle,D,Furrow,74 Davis Place,Ridgeville Corners,OH,43555,US,MichelleDFurrow@dayrep.com,Widat1958,419-267-5412
7a8d8211-0918-4421-834e-abd4a94ad9a3,Mr.,Demsas,A,Zula,1315 Tea Berry Lane,Barron,WI,54812,US,DemsasZula@armyspy.com,Stroathemed1989,715-733-7414
8a88f036-8c6b-4ff7-b5d4-af20c114f8e7,Mrs.,Birikti,I,Demsas,4220 Veltri Drive,Au Train,MI,49806,US,BiriktiDemsas@fleckens.hu,Andidn,906-892-9724
3d3a6fb8-d258-4d35-a752-c7f3c203ec93,Mr.,Zinachidi,O,Iweobiegbunam,643 Elm Drive,Garden City,NY,11530,US,ZinachidiIweobiegbunam@dayrep.com,Whown1973,646-469-3227
568aeab3-e6b7-4b59-a77e-0e1221ecc9f5,Mr.,Romeo,I,Bergamaschi,4796 Locust View Drive,San Francisco,CA,94143,US,RomeoBergamaschi@teleworm.us,Gnor1959,415-973-2854
181df01e-485e-46af-a60d-893ca0a4e967,Mrs.,Luna,D,Samuelsson,2569 Robinson Lane,Saint Clairsville,OH,43950,US,LunaSamuelsson@jourrapide.com,Durry1969,740-442-5211
ecdbceaf-faf3-4f50-9698-ddf3462eae17,Mr.,Faisal,S,Bata,4945 Clarence Court,Fayetteville,NC,28301,US,FaisalSadaqatBata@superrito.com,Muresind,910-222-6002
dd564e89-58b8-4e0b-96fd-46cbc4f30304,Mr.,Bradley,L,Rose,4545 Private Lane,Valdosta,GA,31601,US,BradleyRose@dayrep.com,Lifee1960,229-249-3726
ccd274fc-85ed-4efd-bb0a-c2d75256ced0,Ms.,Nnuego,C,Okwudilichukwu,3485 Dale Avenue,Tukwila,WA,98168,US,NnuegoOkwudilichukwu@armyspy.com,Carolve,253-793-4385
823ed4b4-b9cf-406a-bfba-c1bac3aed049,Ms.,Júlia,R,Cavalcanti,3807 Midway Road,Siloam Springs,AR,72761,US,JuliaRibeiroCavalcanti@jourrapide.com,Hicare,479-599-6644
60723983-1407-4b6f-a51b-b8feccc58d37,Mr.,Andrea,S,Vuković,2074 Crowfield Road,Phoenix,AZ,85017,US,AndreaVukovic@fleckens.hu,Andereagen,602-841-8230
1bb7e2b6-187d-44cc-9209-f8893906a6b1,Mr.,Šime,A,Garbič,3285 Woodstock Drive,Los Angeles,CA,90017,US,SimeGarbic@superrito.com,Beggall,626-566-6780
b869e54b-3f53-4dc1-8991-b007ff5406b2,Ms.,Ivett,P,Kállay,1758 Limer Street,Augusta,GA,30901,US,KallayIvett@einrot.com,Dealied,706-466-5900
c1bd84d0-ba7b-42bb-b8f4-10ca8e512823,Ms.,Merced,E,Villalobos,4043 Benedum Drive,White Plains,NY,10601,US,MercedVillalobosCastro@cuvox.de,Covester,845-259-0164
30ff3dc6-12fb-4f69-b2dd-ed689591c611,Ms.,Nduru,O,Chukwujamuike,713 Lindale Avenue,Berkeley,CA,94707,US,NduruChukwujamuike@rhyta.com,Wastumpaboos,510-527-6590
e7fea435-8ed1-4f2b-b849-d82cf10d1437,Ms.,Gertruda,M,Wieczorek,4087 Goosetown Drive,Hendersonville,NC,28792,US,GertrudaWieczorek@jourrapide.com,Lant1948,828-697-9329
a0e2aa24-7856-4230-8ed7-4909dc81054a,Ms.,Bertuska,B,Berec,1956 Passaic Street,Bayonne,NJ,07002,US,BerecBertuska@armyspy.com,Nown1968,201-436-1531
e00d5214-122c-4ce6-90ea-db31460418c8,Mr.,Marino,A,Jaarsma,1043 Hawks Nest Lane,Saint Louis,MO,63108,US,MarinoJaarsma@gustr.com,Prinetheor,314-739-9412
ef4cf57e-c66c-4ce8-9efa-1977058bc039,Mr.,Jip,M,Verwegen,1754 Stout Street,Harrisburg,PA,17102,US,JipVerwegen@armyspy.com,Howl1993,717-340-6697
b0d15a43-0529-4f06-80d6-08cf66e65be1,Ms.,Kazimiera,I,Symanska,2163 Rosebud Avenue,Wickes,AR,71973,US,KazimieraSymanska@dayrep.com,Nany1954,870-385-2825
760a7d35-803a-44a4-925e-5545f991683e,Mr.,Acacio,M,Vela,1957 Big Indian,New Orleans,LA,70112,US,AcacioVelaArana@cuvox.de,Bobjew,504-544-2859
052a6149-b164-4e9c-8a1a-34825425b764,Ms.,Vjekoslava,A,Poljak,818 Fannie Street,Bryan,TX,77808,US,VjekoslavaPoljak@jourrapide.com,Mosen1951,979-261-7344
5bb33d6f-82e1-4c08-b1f0-28e67a9dc111,Ms.,Pandora,R,Belmont,1740 Primrose Lane,Reedsburg,WI,53959,US,PandoraRBelmont@fleckens.hu,Himmost,608-524-7468
c261e175-6d77-4f1b-8039-919a2a3c4e93,Mrs.,Millicent,A,Deserres,4655 Calico Drive,Colville,WA,99114,US,MillicentDeserres@fleckens.hu,Clard1960,509-684-7213
22dd3f70-bd9a-485c-83ff-a3092be4b855,Ms.,Mareta,N,Palermo,3318 Oak Way,Lincoln,NE,68501,US,MaretaPalermo@einrot.com,Seliesser,402-429-9687
71a6ee3d-8a6c-47da-90f6-298bccb5f74f,Ms.,Bethina,V,Granly,948 Tea Berry Lane,Eau Claire,WI,54701,US,BethinaGranly@einrot.com,Extooke,715-839-7465
e948c50f-7adf-42d5-9c41-569b5b851267,Mr.,Idzi,A,Zając,4042 Jail Drive,Goodfield,IL,61742,US,IdziZajac@jourrapide.com,Youseks,309-965-2664
bafd2efa-42df-471f-b880-ce13896803ec,Dr.,Ted,L,Holmgren,2377 Clearview Drive,Centennial,CO,80112,US,TedHolmgren@armyspy.com,Ankils,303-725-1386
b04f3c41-4816-49cc-ae38-a3ff8f4f8223,Ms.,Addolorata,A,Schiavone,1981 Massachusetts Avenue,Washington,DC,20016,US,AddolorataSchiavone@jourrapide.com,Cyruch,202-752-3810
76c51764-f6a0-4685-8dde-08285fb2075d,Mr.,Valdemar,C,Mathiasen,1052 Orphan Road,Milwaukee,WI,53213,US,ValdemarCMathiasen@rhyta.com,Yestoorse,715-936-0775
cd105fdf-3dbd-4dd7-a29c-86ade222c6e0,Mrs.,Ida ,G,Colombo,1209 Meadowcrest Lane,Russell,KY,41139,US,IdaColombo@dayrep.com,Reptit,606-494-2547
d785f1d6-199d-4dc0-ad8b-5bc3114def41,Ms.,Nicole,B,Wannemaker,1574 College View,Collinsville,IL,62234,US,NicoleWannemaker@teleworm.us,Taid1955,618-626-6946
343df2ff-8035-4e46-becb-ce737da1e296,Mr.,Mattis,Z,Sjögren,1560 Victoria Court,Bath,ME,04530,US,MattisSjogren@armyspy.com,Swittleir1988,207-443-8790
10ae9707-6e2c-4b8a-a67c-c75b846a5c0f,Ms.,Petra,F,Eiffel,924 Waldeck Street,Euless,TX,76039,US,PetraEiffel@gustr.com,Nouldes,817-475-9944
0cae2744-16f5-4434-bc3c-f26597e0b917,Mr.,Gerard,M,Allan,1545 Hamilton Drive,Baltimore,MD,21214,US,GerardAllan@teleworm.us,Plinglors,410-254-0642
b340ab03-a0f7-4bc6-8ff8-8b60418a56e4,Mrs.,Esther,N,Bach,4841 Calico Drive,Spokane,WA,99201,US,EstherNBach@teleworm.us,Trigive,509-693-5931
60e58502-2bc0-4f2f-91a4-b0b57ca25dd9,Mrs.,Gabriella,N,Coughlan,3375 Coolidge Street,Helena,MT,59601,US,GabriellaCoughlan@cuvox.de,Thimande,406-968-8126
f9052963-9a07-4770-a03a-3727d95dd866,Mr.,Imam,T,Hanania,4167 Washington Street,Corpus Christi,TX,78476,US,ImamTalibHanania@teleworm.us,Liet1985,361-337-3586
3f5c6d73-aeb5-4949-8ad7-1f792a42d505,Mrs.,Avril,L,Vallée,4772 Abia Martin Drive,Deerpark,NY,11729,US,AvrilVallee@armyspy.com,Thoubt,631-586-2605
d66eeb32-0c12-4fef-ad6e-1481a384fd20,Ms.,Nikki,R,Strömberg,3621 Charla Lane,Dallas,TX,75287,US,NikkiStromberg@armyspy.com,Prataturry,972-732-0506
e10215e5-2add-4e38-8358-4a84f5f7ae74,Mrs.,Louise,O,Arsenault,1114 Ben Street,East Lansing,MI,48823,US,LouiseArsenault@dayrep.com,Theitheave,517-972-9111
c8ef64c1-8883-47e1-81b1-840cfd161ec2,Mrs.,Eke,C,Zwetsloot,4804 Davis Court,Saint Louis,IL,63146,US,EkeZwetsloot@fleckens.hu,Squaques,618-917-3306
effa3385-ec5c-4784-9980-e86c49bfb9e7,Ms.,Venla,S,Koivu,4127 Romines Mill Road,Dallas,TX,75248,US,VenlaKoivu@gustr.com,Wourroon,214-632-9024
e0bd8887-8fb0-4089-9e05-6e3c63fa3a4b,Mr.,Maximilian,S,Schreiner,4162 Tori Lane,Salt Lake City,UT,84116,US,MaximilianSchreiner@armyspy.com,Spinat,801-675-6631
5f8fc29d-b8e4-48f6-b049-32d8c760c450,Mr.,Jóhannes,H,Davíðsson,1954 Fleming Way,Gloucester,VA,23061,US,JohannesDavisson@fleckens.hu,Betaletted,804-699-6940
b3df60b9-a05a-4355-8744-c70e68fcb0f1,Mr.,Cyril,L,Aksyonov,789 Preston Street,Leroy,KS,66857,US,CyrilAksyonov@fleckens.hu,Sifeenchall,620-964-6679
98584e28-a720-41b0-b8e7-09e0a51eaaaf,Mr.,Hamish,A,Fetherston,2599 Ferrell Street,Ely,MN,55731,US,HamishFetherston@cuvox.de,Hong1935,218-365-1340
e8147d23-9b24-4733-8e4b-90eff471d9ea,Mr.,Halfdan,P,Storvik,438 Rubaiyat Road,Grand Rapids,MI,49503,US,HalfdanStorvik@gustr.com,Micketionath49,231-648-9336
2e685c36-5b55-42cf-a09c-3b05d35eeceb,Mr.,Łukasz,U,Wieczorek,241 Michigan Avenue,Gibsonia,PA,15044,US,LukaszWieczorek@superrito.com,Buffying,724-614-9203
e92b5981-e4b0-458a-9fec-a396766ff69b,Mr.,Ruslan,M,Kanazir,3961 Norman Street,Los Angeles,CA,90008,US,RuslanKanazir@armyspy.com,Shoult1930,323-296-2930
d2d441cc-e78d-4e0a-932d-1e42a36cfd63,Mrs.,Gabriela,R,Dvořáková,3941 Woodland Drive,Sergeant Bluff,IA,51054,US,GabrielaDvorakova@fleckens.hu,Toeopla,712-237-1151
2ad6c754-91a3-4895-84a1-b058bc3b9050,Mr.,Nwankwo,U,Onyinyechukwuka,1594 Randall Drive,Hilo,HI,96720,US,NwankwoOnyinyechukwuka@teleworm.us,Youreencels,808-933-9383
dc460a10-021e-4c8c-838f-734095dc153d,Mr.,Pongor,K,Szôlösi,2878 Lyndon Street,West Chester,PA,19382,US,SzolosiPongor@superrito.com,Seenitioneve,610-692-8185
299d086b-af63-4b1b-a87e-931fc0280212,Mr.,Lubomir,O,Michalski,896 Hall Valley Drive,Lewisburg,WV,24901,US,LubomirMichalski@fleckens.hu,Tithe1944,304-645-5043
9a303f9f-afb7-4c2e-b324-5d94eaeb3056,Ms.,Ju,M,Hsieh,4849 Calvin Street,Owings Mills,MD,21117,US,JuHsieh@armyspy.com,Unliand,443-394-6822
5fc8bdf1-c58e-45c4-9ac9-4bb96ef28236,Mrs.,Alisa,A,Björk,1615 Harley Brook Lane,Penfield (Clearfield),PA,15849,US,AlisaBjork@superrito.com,Harde1962,814-637-8738
9bfd9547-9975-44f2-aa44-7bc8ed50199e,Mr.,Sobiesław,S,Wiśniewski,1162 Duffy Street,Hebron,IN,46341,US,SobieslawWisniewski@cuvox.de,Olcury,219-810-4163
007e5c31-a534-4270-83a6-c2760054457d,Mr.,Daniel,A,Kifle,2153 Kyle Street,Oelrichs,NE,57763,US,DanielKifle@gustr.com,Linceigh80,308-525-8053
04cdd73c-0b04-48a4-818d-886d0123352c,Mr.,Haruki,R,Okabe,2287 Melm Street,Providence,RI,02903,US,HarukiOkabe@dayrep.com,Litis1952,401-212-8631
c0b97ee7-25b6-4855-ae3e-3ef422727365,Ms.,Hui Ying,L,Shao,4786 Douglas Dairy Road,Rocky Mount,VA,24151,US,HuiYingShao@armyspy.com,Bringer1962,276-692-9487
7d096993-df72-464e-8c70-fe6714d26e69,Mr.,Sửu,K,Chu,1051 Richland Avenue,Spring,TX,77386,US,ChuKhacSuu@gustr.com,Paing1995,281-298-4382
865a4439-6623-45a8-be29-253969a5a0b8,Mr.,Thao,Q,Tạ,3883 Mount Olive Road,Norcross,GA,30071,US,TaQuangThao@superrito.com,Phly1946,678-969-3710
e649e1fc-4320-4558-9713-3effe767e9fd,Mr.,Kyle,M,Gibson,4382 Alexander Drive,Wichita Falls,TX,76308,US,KyleGibson@dayrep.com,Mrsexamme,940-472-3470
9988c34d-f186-4a35-b6d2-35cfc11558fc,Mrs.,Terue,I,Higa,2693 Kyle Street,Greeley,NE,68842,US,TerueHiga@armyspy.com,Bobst1959,308-428-7799
dfceecda-72d0-494a-9648-cbfe16f81490,Ms.,Patricia,D,Westfall,270 Bottom Lane,Lancaster,NY,14086,US,PatriciaDWestfall@einrot.com,Aristertmeas38,716-686-7414
ac82adef-d34c-41e4-a1b4-871f541344c4,Mr.,Nej,N,Giassi,3341 Saint Clair Street,Red Banks,MS,38661,US,NejGiassi@einrot.com,Riney1955,662-581-7705
899d958e-e889-4c66-9066-3465ecb7dc47,Ms.,Brigitta,P,Schmid,1113 Columbia Road,Georgetown,DE,19947,US,SchmidBrigitta@armyspy.com,Buttires,302-856-5958
c70a7706-2dbf-470a-8501-362dd8a6a80f,Mr.,Matija,L,Zagorec,2033 Charter Street,Kansas City,KS,66215,US,MatijaZagorec@cuvox.de,Recancenly,913-707-5923
ad5af4d6-db57-4b73-b35e-f92381f71353,Mr.,Oskari,T,Reho,3108 Red Maple Drive,Los Angeles,CA,90017,US,OskariReho@einrot.com,Theak1987,323-405-0220
27b7c6c5-5644-4299-a923-19a1c1f8d297,Ms.,Marija,O,Mijatović,2369 Riverside Drive,Lagrange,GA,30240,US,MarijaMijatovic@superrito.com,Hunce1973,706-845-1994
b7d46106-4e4f-44b2-b86f-b790d9fb8f6c,Mr.,Gyurka,N,Virágh,685 Grove Avenue,Atoka,OK,74525,US,ViraghGyurka@einrot.com,Haddess,580-378-6296
18daf4d7-fb7c-4298-b015-6412b324eb00,Mr.,Quý,D,Trần,2523 Echo Lane,Benton Harbor,MI,49022,US,TranDoanQuy@einrot.com,Travolic,269-805-3233
06b79b25-f0c0-4b97-a475-767b87f4b40c,Mrs.,Sofia,B,Fernandes,3616 Filbert Street,Downingtown,PA,19335,US,SofiaBarrosFernandes@teleworm.us,Hourne,610-873-1574
e5fd840a-c178-47eb-8526-980a844d8cbc,Mr.,Robel,M,Nebay,3347 Laurel Lane,Odessa,TX,79762,US,RobelNebay@gustr.com,Squill39,432-368-5038
54ac117f-42a1-4c37-a330-1bdf340ad0a3,Mr.,Hjalte,V,Carlsen,4418 Colony Street,Southbury,CT,06488,US,HjalteVCarlsen@einrot.com,Scrime,203-264-8613
5459bdec-b80e-40c0-8135-e398f271aea5,Mr.,Márió,B,Joó,801 Lodgeville Road,Minneapolis,MN,55415,US,JooMario@superrito.com,Oving1965,612-221-0004
343bf618-a3e6-4641-afe6-7427913d9c7c,Ms.,Sharonne,M,Trip,3892 Selah Way,North Adams,VT,01247,US,SharonneTrip@jourrapide.com,Arame1934,802-694-2130
2d90f60f-4728-47f8-8b1c-9a216c703f76,Mrs.,Janina,N,Covas,883 Whiteman Street,Pleasantville,NJ,08232,US,JaninaCovasBerrios@cuvox.de,Fifery1979,609-827-0954
c5171adc-2c5d-4f5a-bc0a-60a31527c590,Mr.,Hisaya,K,Kakuta,3096 Grove Street,Farmingdale,NY,11735,US,HisayaKakuta@fleckens.hu,Wils1934,631-843-2530
d2c21e0f-f232-4ec6-8b21-8fd0e3093802,Mr.,Merlin,L,Collin,4326 Sampson Street,Denver,CO,80202,US,MerlinCollin@teleworm.us,Dentoory49,303-601-5793
9052e38c-e6b5-48c8-9736-a0532e28f6f7,Mr.,Osinachi,U,Ikenna,4570 Walnut Street,Jackson,MS,39201,US,OsinachiIkenna@jourrapide.com,Thendstoo,601-608-7146
f5f873ae-32ae-4baa-acb7-f0b72b0f93c3,Mrs.,Patrycja,W,Jabłońska,2787 Coal Road,Sugar Notch,PA,18706,US,PatrycjaJablonska@dayrep.com,Palonted,570-647-2104
9e992a68-cbb7-4523-bca5-84bc6f5e3ea0,Ms.,Leah,R,Larionova,3765 Godfrey Street,Beaver Creek,OR,97004,US,LeahLarionova@fleckens.hu,Seding1968,503-632-9872
e3ef8fb8-863f-42d4-9f3c-724d5934a661,Mrs.,Nneze,M,Nnamdi,4667 Lowes Alley,Columbus,OH,43215,US,NnezeNnamdi@rhyta.com,Boutioned34,740-329-7489
86f5bf46-48bf-46a6-bfc7-a50e6a463ad9,Dr.,Lisa,E,Bellamy,3924 Turkey Pen Road,Corona,NY,11368,US,LisaEBellamy@jourrapide.com,Hust1947,917-303-9780
eb2bf417-bc47-4768-be69-4c515334b082,Ms.,Frici,S,Takácz,101 Sycamore Road,Maupin,OR,97037,US,TakaczFrici@rhyta.com,Yeakedealke,541-395-1022
51d486a6-cb21-4d57-8157-64e99a80d1cf,Ms.,Kaho,k,Takano,51 Dale Avenue,Gig Harbor,WA,98335,US,KahoTakano@armyspy.com,Rince1985,253-853-3056
3c25fef5-e159-4c5e-aa65-87bc885f32cf,Mr.,Boris,H,Bodrov,2937 Forest Avenue,New York,NY,10014,US,BorisBodrov@rhyta.com,Palier,646-822-6455
e57e3b52-b08f-4fd6-882e-731e746ef374,Mr.,Talal,A,Shammas,4247 Heron Way,Portland,OR,97218,US,TalalAbdul-GhafurShammas@rhyta.com,Whyall,503-802-0207
b58e651f-7d2b-4ce0-b0a5-5f6d8e25d1e9,Mr.,Guido,A,Cattaneo,3940 Tavern Place,Cowen,WV,26206,US,GuidoCattaneo@cuvox.de,Cionery,304-226-4833
29c157d8-8db7-4762-8a35-ef9b0e76228f,Ms.,Florence,W,Crow,3600 Jadewood Farms,Piscataway,NJ,08854,US,FlorenceWCrow@dayrep.com,Homplasson,973-358-8116
379101ce-858c-405c-9aab-5d37f4056bff,Mr.,Callum,L,Keartland,1018 Duncan Avenue,New York,NY,10013,US,CallumKeartland@superrito.com,Refor1958,917-597-3335
ec99af8a-2284-49a4-8389-898548e9e1a4,Ms.,Anu,P,Styrman,1269 Layman Avenue,Fayetteville,NC,28306,US,AnuStyrman@einrot.com,Tuddly,910-984-1775
24ecfe76-9af8-40b5-8af6-a4953369ae65,Mr.,Mus'ad,M,Gaber,2092 Sharon Lane,Plymouth,IN,46563,US,MusadMajdyGaber@einrot.com,Mardeen53,574-265-0259
84f7fed6-b465-4c3a-a1d4-3a70904c950a,Ms.,Ása,S,Bergsdóttir,4868 Valley Drive,Newark,PA,19714,US,AsaBergsdottir@dayrep.com,Calten,267-335-1047
d731ba69-c48c-42b1-83e2-75d6c5d19092,Ms.,Lauren,L,Robertson,2023 Davisson Street,Blountsville,IN,47354,US,LaurenRobertson@teleworm.us,Hinet1954,765-774-3289
dec0b914-594f-426d-b888-d04207889b82,Ms.,Chúc,K,Lý,4024 Point Street,Chicago,IL,60631,US,LyKimChuc@einrot.com,Reaps1989,773-817-0157
f86b890e-bcca-4584-a8ba-9e58364639d1,Mr.,Mimir,J,Kruse,3441 Rosebud Avenue,Lead Hill,AR,72644,US,MimirJKruse@cuvox.de,Grecond81,870-436-6090
d9bdda3a-4b0c-44ac-81f7-edef81e789c2,Mrs.,Geraldine,A,Sarabia,3372 Finwood Road,Freehold,NJ,07728,US,GeraldineSarabiaCandelaria@jourrapide.com,Oformetake,732-462-7627
449950bd-6637-4e1e-b32b-4bda9b0b67d1,Mr.,Billy,A,Bird,3381 Maud Street,Philadelphia,DE,19103,US,BillyBird@rhyta.com,Counsomed,302-746-2819
fcf04660-2bb2-4be1-94e8-441bcfb8e394,Mr.,Joel,S,Kiri,3986 Mount Tabor,Elmsford,NY,10523,US,JoelKiri@jourrapide.com,Didly1972,914-497-7647
537a3568-492e-4534-8a8e-dd919f7124da,Mrs.,Katri,J,Nurmi,606 Laurel Lane,Midland,TX,79701,US,KatriNurmi@gustr.com,Seent1986,432-413-3308
9945d859-01f1-4aa7-a981-41a829ac2e04,Ms.,Karys,C,Thompson,820 Barfield Lane,Indianapolis,IN,46250,US,KarysThompson@einrot.com,Withersent1944,317-567-8523
fce0f040-2acc-47b3-b5e6-1c22248d46ef,Ms.,Eva,L,Binarová,217 Peck Court,Irvine,CA,92714,US,EvaBinarova@superrito.com,Loverableate,949-476-4616
a9b3fa89-e000-4077-a606-279e3ce11bb9,Ms.,Anamaria,B,Šajinović,2162 McDowell Street,Nashville,TN,37210,US,AnamariaSajinovic@dayrep.com,Wasithe,931-309-1139
6bce706f-4079-4fcc-a63e-63972f9044ed,Ms.,Fiona,I,Åkesson,4858 Oak Street,Winthrop,NY,13697,US,FionaAkesson@cuvox.de,Bribeired,315-389-5258
f68053dd-88cd-40e8-8ebb-72affe22e552,Ms.,Nhi,T,Quynh,539 Oral Lake Road,Minneapolis,MN,55401,US,QuynhThiToNhi@cuvox.de,Hinem1986,952-516-0921
505160ff-ed07-428e-bd7f-8f4c5c7c8094,Mr.,Maunu,E,Härkänen,390 Emma Street,Lubbock,TX,79410,US,MaunuHarkanen@cuvox.de,Scondlefory,806-796-5595
0b7bc956-80b0-416f-a243-ed049fb864d2,Mr.,Lâm,A,Chung,4321 Bagwell Avenue,Homosassa Springs,FL,34448,US,ChungAnhLam@teleworm.us,Tralmot75,352-607-5613
8b9b123f-5d32-4edd-b375-69fc2fe18970,Mr.,Vidar,J,Gudbrandsen,4093 Bingamon Branch Road,Warwick,NY,10990,US,VidarGudbrandsen@teleworm.us,Yousely,845-986-7257
c059ee17-3e10-43b8-85c5-3066e57ee7f6,Mr.,Sheshy,D,Aatifa,4260 Barnes Avenue,Cincinnati,OH,45229,US,SheshyAatifa@fleckens.hu,Ancestrand,513-636-5591
5ae841bd-373e-415c-8472-dbc8daef2f22,Mr.,Tain,X,Tsou,2606 Camden Place,Walterboro,SC,29488,US,TainTsou@superrito.com,Hameaced1929,843-893-6930
8211bc6f-a426-4300-a03b-c33012b0ca1d,Mrs.,Wan,L,Hsü,3639 Alpaca Way,Burbank,CA,91505,US,WanHsu@armyspy.com,Obler1987,714-721-4680
7a83eac7-f4e3-4d78-891a-4e09a9cd8750,Mr.,Zakwan,J,Bahar,52 Capitol Avenue,Mccordsville,IN,46055,US,ZakwanJawadBahar@cuvox.de,Wared1972,765-533-8690
b1cdd2cc-c7f4-4c09-8b01-711f3847b608,Ms.,Solrun,I,Wilhelmsen,1346 Parrill Court,Chicago,IN,60601,US,SolrunWilhelmsen@superrito.com,Diente,219-488-4167
0ad88389-18b3-40c4-970b-fac7ad4c40ab,Ms.,Faith,H,Green,3385 Benedum Drive,White Plains,NY,10601,US,FaithGreen@teleworm.us,Ockenshis,845-327-2905
cc93c14e-7e61-479a-b08a-c175e8799675,Mr.,Kauko,R,Laatikainen,3332 Junkins Avenue,Valdosta,GA,31601,US,KaukoLaatikainen@armyspy.com,Witheitay,229-515-3817
a50068c1-8e44-4c96-bae9-ec1a8fa9c65e,Mr.,Tristan,F,Dam,679 Davisson Street,Richmond,IN,47374,US,TristanFDam@fleckens.hu,Exishe,765-962-0459
480ea79c-90f1-499c-905f-d25f14435b91,Dr.,Sandro,B,Håkonsen,1014 Smith Road,Snellville,GA,30278,US,SandroHakonsen@cuvox.de,Whissed1936,770-978-4699
7095ee48-4ee3-41b3-8c29-29577f158f95,Mr.,Kristian,L,Fiedler,808 Kennedy Court,Cambridge,MA,02141,US,KristianFiedler@gustr.com,Speronce,774-252-6303
5bbe7c62-e902-4e0b-abbc-13eaaad576fc,Ms.,Evelyn,L,Murray,2586 Elk Rd Little,Tucson,AZ,85701,US,EvelynMurray@teleworm.us,Clumpost,520-264-0204
ff342d04-7078-4ac2-ba4e-67254a59fda7,Ms.,Adica,T,Mirč,4742 Berkley Street,Philadelphia,PA,19108,US,AdicaMirc@gustr.com,Oferds,484-927-1519
cd9ecdbb-c963-4080-8a00-0d536bd8bbe6,Mr.,Wladimir,M,de Boorder,4044 Black Stallion Road,Mt Sterling,KY,40353,US,WladimirdeBoorder@gustr.com,Extralas,859-497-7468
7b76bb95-e808-4b0c-95cc-39c4cc41b60e,Mr.,Tomáš,K,Mejzlík,3038 Armory Road,Fayetteville,NC,28314,US,TomasMejzlik@armyspy.com,Bigod1987,910-723-8275
4a873b22-dde6-4491-9f7b-ca1ad95f6ab5,Mr.,Paul,A,Naumann,619 Coleman Avenue,Palm Springs,CA,92262,US,PaulNaumann@dayrep.com,Obsed1974,760-778-5912
fd79ca46-8463-4fa6-9475-225b9198fa5f,Mr.,Dex,K,van Eldik,2891 Karen Lane,Louisville,KY,40272,US,DexvanEldik@dayrep.com,Sathe1931,502-995-2685
eb3e0d6f-b6d1-4fa1-a556-c2ded3babf2b,Mrs.,Sarah,E,Sukhorukova,4163 Rollins Road,Grand Island,NE,68801,US,SarahSukhorukova@superrito.com,Thention,308-737-1247
82814d65-422e-4005-9b4d-9f0c2acbf787,Ms.,Evalien,E,Pollemans,3199 Brighton Circle Road,St Cloud,MN,56301,US,EvalienPollemans@armyspy.com,Werhows,320-491-1872
f4f7b1f3-004e-485f-bc65-437dbd5bea6e,Mr.,Donát,L,Radics,4113 Sun Valley Road,Moses Lake,WA,98837,US,RadicsDonat@armyspy.com,Liftex,509-765-4185
42d4089a-9fa6-48f6-bf21-8073d1267882,Mrs.,Keira,D,Bryan,3421 Archwood Avenue,Shoshoni,WY,82649,US,KeiraBryan@rhyta.com,Fropmed1949,307-876-2311
0169ffec-5ee3-4fd2-af6c-af0bb23d6d75,Mr.,Lachlan,M,Cunningham,3892 Cook Hill Road,East Haven,CT,06512,US,LachlanCunningham@armyspy.com,Pannour,203-466-7395
cde437ff-fc21-4808-be16-94fd0798d65b,Mrs.,Pénélope,S,Lereau,2502 Neville Street,Seymour,IN,47274,US,PenelopeLereau@dayrep.com,Andeat,812-592-6034
3e60ebac-6d07-4e92-a04a-bbbb27d5dfae,Mrs.,Arnþrúður,S,Valdimarsdóttir,3695 Nelm Street,Ashburn,VA,22011,US,ArnruurValdimarsdottir@gustr.com,Alcurrome,571-252-5657
a4099248-4375-41c8-9c0f-4f4136560b35,Ms.,Matylda,B,Grabowska,1296 Badger Pond Lane,Tampa,FL,33610,US,MatyldaGrabowska@armyspy.com,Hadly1935,727-330-5934
6ddfdf50-88ae-4cea-a902-6a26f105f7b5,Mr.,Hussein,B,Assaf,4152 Forest Drive,Alexandria,VA,22301,US,HusseinBasilAssaf@dayrep.com,Cordes,703-838-4380
331179ee-1754-4860-8a0c-b5656d5588fd,Ms.,Stefanía,R,Áskelsdóttir,304 Edgewood Road,Little Rock,AR,72212,US,StefaniaAskelsdottir@superrito.com,Counces,870-955-2828
ee07d2e9-8134-44a4-be2b-cbd2350f72a9,Mrs.,Mgborie,I,Nnanna,993 Dane Street,Spokane Valley,WA,99206,US,MgborieNnanna@rhyta.com,Whimere1945,509-228-3506
f7de94d8-a7a7-42aa-b999-0e99c2d9dd0f,Mr.,Juriën,A,Mels,4753 Sun Valley Road,Sunnyside,WA,98944,US,JurienMels@jourrapide.com,Promen,509-837-8921
c2841ce0-0737-4cda-b4cb-ff5b45a84cc7,Mr.,Donat,J,Pawlak,4388 Beech Street,San Jose,CA,95131,US,DonatPawlak@rhyta.com,Ingled,925-724-1074
87c6f630-a75f-4feb-affc-0c9f6cf190bb,Ms.,Snežana,D,Vukelić,3593 Gateway Avenue,Bakersfield,CA,93306,US,SnezanaVukelic@fleckens.hu,Sigum1949,661-872-8552
16aec154-9887-41f2-bcd3-f4e785299cf8,Mr.,Augustin,C,Orosco,707 Patterson Fork Road,Chicago,IL,60606,US,AugustinOroscoGamez@dayrep.com,Asim1955,312-629-6553
c8e39111-5195-4619-a9bc-9d5466d1a3cd,Mr.,Sam,Z,Watt,3824 Mount Olive Road,Duluth,GA,30136,US,SamWatt@cuvox.de,Irint1944,678-957-4589
4ec7a3ed-9cb4-47aa-9e14-a58513236d2a,Mr.,Deniz,F,Åberg,3547 Rockford Mountain Lane,Neenah,WI,54956,US,DenizAberg@jourrapide.com,Difeentle,920-215-4230
c59f457c-2f65-4a49-9694-8ea8edcac85c,Mr.,Samih,G,Quraishi,2515 Kinney Street,Springfield,MA,01103,US,SamihGhanimQuraishi@einrot.com,Skeemake,413-512-9633
b8c26efa-d6e6-48a7-8e52-f731bf50d98c,Mrs.,Cintia,Z,Szôcs,28 Cabell Avenue,Beltsville,VA,20705,US,SzocsCintia@dayrep.com,Torst1978,703-599-7279
cac46b00-69d4-4d6d-8067-4356f290f52d,Ms.,Faina,V,Vasilieva,4431 Sampson Street,Aurora,CO,80014,US,FainaVasilieva@gustr.com,Cored1961,303-600-1032
fbaac681-38b8-4532-8975-782dabfba950,Mr.,Christoffer,G,van den Maagdenberg,1505 Crosswind Drive,Bowling Green,KY,42101,US,ChristoffervandenMaagdenberg@cuvox.de,Behinscathe,270-854-9052
7db56a6d-9705-458f-97ee-494caf0bb721,Mr.,Dezider,G,Deluk,4352 Eden Drive,Glen Allen,VA,23060,US,DeziderDeluk@cuvox.de,Hencts,804-867-2912
cb0559d5-ebe1-46e5-9734-2b2e45efec6b,Ms.,Miya,H,Gouhara,1972 Pallet Street,Tarrytown,NY,10591,US,MiyaGouhara@rhyta.com,Thearmake1994,914-425-8026
8e5200f6-5829-431b-8ba3-29278a39fde8,Mr.,Živko,L,Pavlović,3715 Romano Street,Boston,MA,02210,US,ZivkoPavlovic@armyspy.com,Hicied64,781-364-4021
32fb861d-cc8c-41c4-acaf-f1ea8ef18e5b,Mr.,John,P,Waters,3667 Tavern Place,New Martinsville,WV,26155,US,JohnWaters@teleworm.us,Whards,304-230-3402
c769152f-5251-4e81-8639-780dc973e691,Mrs.,Nika,K,Jović,1865 Chenoweth Drive,Crossville,TN,38555,US,NikaJovic@dayrep.com,Houblive1969,931-456-5790
84a17726-1f6c-4031-b161-7699c933de31,Mr.,Asger,F,Lauridsen,1022 Poplar Street,Summit,IL,60501,US,AsgerFLauridsen@rhyta.com,Shoveroacto,708-728-4702
6b7ff004-e208-4951-bcfc-565efef7dcce,Mrs.,Isabelle,M,Winsor,1218 Nelm Street,Washington,VA,20005,US,IsabelleWinsor@gustr.com,Selaid,571-933-4366
ad244c20-3df3-40bf-aa1c-e872292cd183,Mr.,Gerth,L,Josefsen,4740 Center Avenue,Fresno,CA,93721,US,GerthJosefsen@teleworm.us,Toorandre1968,559-340-4622
3a8adeb6-ec94-48ef-ba7b-377f57187923,Mr.,Frydryk,W,Jaworski,4396 Stuart Street,Indiana,PA,15701,US,FrydrykJaworski@gustr.com,Iiii1950,724-465-1942
47cb938c-fbfe-4320-a58c-479180ac198f,Mrs.,Emily,L,Perkins,1018 Douglas Dairy Road,Axton,VA,24054,US,EmilyPerkins@cuvox.de,Jung1950,276-650-0310
93bcd26d-b1c5-4799-ae29-2ee644a586ee,Mr.,Pellegrin,O,László,4059 Reeves Street,Green Bay,WI,54301,US,LaszloPellegrin@superrito.com,Learres,920-784-4704
a6c76f23-c23c-43d6-9cf7-ae0262357b53,Ms.,Yorika,N,Fukui,4122 Newton Street,St Cloud,MN,56301,US,YorikaFukui@cuvox.de,Ablempoore,320-290-7117
e8c23fb4-dfe7-4e38-9d4c-8da11dd3b455,Mrs.,Lili,D,Lü,1005 Keyser Ridge Road,Greensboro,NC,27401,US,LiliLu@armyspy.com,Doony1976,336-541-9767
8ecb7d47-3856-4b53-9354-e3398f4c1f41,Ms.,Denise,B,Martin,2694 Hurry Street,Culpeper,VA,22701,US,DeniseBMartin@dayrep.com,Stind1951,540-399-4438
b904d387-9747-4de3-bb57-e1aec2972e17,Ms.,Alain,J,Kirillova,2679 Sycamore Road,Bend,OR,97701,US,AlainKirillova@superrito.com,Shisho,541-410-4251
65d98c6a-66ab-4ab4-bde2-2bdf7c2604bc,Ms.,Marielle,K,Lindgren,3995 Pine Street,Pittsburgh,PA,15219,US,MarielleLindgren@cuvox.de,Nove1970,724-313-2697
88f5eb7d-b092-4f7e-9320-d2a6c4514805,Mr.,Humam,J,Sleiman,2133 Union Street,Seattle,WA,98109,US,HumamJamalSleiman@gustr.com,Hathimerent,206-708-0633
3c710519-5e10-4287-9b0e-fe2b2d5caeb9,Mr.,Hu,S,Ch'ang,205 Beechwood Drive,Hanover,MD,21076,US,HuChang@rhyta.com,Joye1983,410-979-2519
99fa56f7-83da-4e55-969a-3e2db9ac8706,Mr.,Leidulv,Z,Volden,2946 Maxwell Street,Hartford,CT,06103,US,LeidulvVolden@gustr.com,Solle1986,860-737-1126
27b962d7-caf1-4a8e-a342-18cb4ec4a81f,Mrs.,Lesmes,A,Vega,1585 College Street,Roswell,GA,30076,US,LesmesVegaLeiva@cuvox.de,Donot1994,404-324-8460
4b986568-ac46-41ee-9d76-32cefc70c533,Mrs.,Nikolina,A,Forsberg,875 Hamilton Drive,Perry Hall,MD,21128,US,NikolinaForsberg@einrot.com,Glikeltas,410-256-5856
46fcf2ea-cec8-4246-b57d-df2ba777d266,Mr.,Adam,K,Jacobsen,1092 Feathers Hooves Drive,Huntington,NY,11743,US,AdamKJacobsen@jourrapide.com,Contiong1967,631-619-1670
ae8737a5-3264-48aa-993f-ef20fb7daf44,Ms.,Marzia,G,Esposito,2899 Hart Ridge Road,Saginaw,MI,48607,US,MarziaEsposito@jourrapide.com,Whoulet,989-274-9538
eecd7386-4957-4fe7-a534-0a394596ba31,Mr.,Christopher,Z,Vinogradoff,1181 Pinewood Avenue,Marquette,MI,49855,US,ChristopherVinogradoff@rhyta.com,Gelly1993,906-832-8461
fbddd8ee-71a5-4b66-b541-84a6f285f8ef,Ms.,Sharon,J,Tong,2259 Bungalow Road,Omaha,NE,68114,US,SharonJTong@cuvox.de,Sioned,402-940-4931
fe2da11f-5895-45b0-8cb1-a3b53c8ea707,Mr.,Thoại,A,Vũ,2062 Emma Street,Kaneohe,HI,96744,US,VuAnhThoai@teleworm.us,Suppoldn,808-234-1454
fbc2d991-f706-4e64-b8e3-f37c752a3ec2,Mr.,Przemek,R,Maciejewski,4467 Boggess Street,Wichita Falls,TX,76301,US,PrzemekMaciejewski@jourrapide.com,Plantithe,940-235-2892
d9006fff-5099-4ece-96e8-4429dc06cc99,Mrs.,Yamile,L,Saenz,4726 Stratford Court,Oxford,NC,27565,US,YamileSaenzGalarza@teleworm.us,Suralarde,919-725-5096
9d6c98b1-e1ce-4299-a70b-d8993955efb9,Mr.,Alexander,K,Brauer,1549 Lake Floyd Circle,Lanham,MD,20706,US,AlexanderBrauer@fleckens.hu,Ocuslike64,301-974-4731
82e95738-5749-489d-819e-e156988609b5,Mrs.,Janja,T,Hrvat,3916 Walt Nuzum Farm Road,Dunkirk,NY,14048,US,JanjaHrvat@rhyta.com,Appervisrect,585-403-4933
7f2b2c3e-918d-4b1f-928e-6ba147a705c2,Dr.,Miniya,H,Abdullah,1591 Five Points,Chantilly,MD,20151,US,MiniyaAbdullah@jourrapide.com,Youndep75,443-214-1346
bbdedd98-f469-4a78-a6f7-8f376634582d,Mrs.,Tanja,P,Hautaniemi,2788 Bee Street,Grand Rapids,MI,49503,US,TanjaHautaniemi@dayrep.com,Expeoreal,231-806-0423
e9237236-d954-43dd-b445-38cb7a804ec1,Mr.,Tưởng,A,Mai,3509 Margaret Street,Sugar Land,TX,77478,US,MaiAnTuong@teleworm.us,Oulds1988,713-846-3668
a0eb9adf-0c68-40da-a254-6ec81e5068e2,Mr.,Joel,G,Pratt,3366 Riverside Drive,Cave Spring,GA,30124,US,JoelPratt@dayrep.com,Thead1979,706-777-3821
4c22bf09-6ea1-4314-a039-5120b778b719,Mr.,Frederik,K,Abelsen,4268 Raintree Boulevard,Coon Rapids,MN,55448,US,FrederikAbelsen@einrot.com,Baccomithe,763-767-7259
b2950b16-d621-44cf-a322-35519f52b52a,Mr.,Tétény,V,Polyák,3618 James Street,Franklinville,NY,14737,US,PolyakTeteny@armyspy.com,Beformady,585-676-2489
70cbee6b-a304-4d61-8088-877b4f99b55f,Ms.,Ana,S,Pereira,3018 Harter Street,Dayton,OH,45402,US,AnaSilvaPereira@superrito.com,Paince,937-672-2130
124e4a09-23cf-4b35-ba29-5e5087cad007,Ms.,Hansine,J,Andersen,4329 Trouser Leg Road,Springfield,MA,01103,US,HansineAndersen@einrot.com,Nockill,413-769-4071
25a1ec4b-8af9-4f4f-8c9a-86e0e83912bd,Mrs.,Junah,R,Shamon,756 Cherry Ridge Drive,Friendship,NY,14739,US,JunahReemShamon@fleckens.hu,Blithical,585-973-5346
bd1b902d-2dce-41db-b698-b3b92790fb9c,Mrs.,Akulina,E,Pokrovskaya,767 Elsie Drive,Belle Fourche,SD,57717,US,AkulinaPokrovskaya@fleckens.hu,Tepask,605-210-5665
6cb6e27c-0041-455b-83d9-a7536a678cde,Ms.,Ni,L,Shen,1502 Wood Duck Drive,Ishpeming,MI,49849,US,NiShen@rhyta.com,Anxich,906-486-5249
2b8335be-3ce2-4256-91dd-6763c6d6f2f2,Mr.,Chibuzo,G,Mamelu,4735 Moonlight Drive,Penns Neck,NJ,08540,US,ChibuzoMamelu@rhyta.com,Sects1934,609-580-2558
42560eb2-b53c-4064-9cf7-3bc5c73ae984,Mrs.,Mary,W,Jones,2476 Broad Street,Birmingham,AL,35209,US,MaryWJones@einrot.com,Loulty,205-420-8035
89c2814f-10af-4ba9-b82b-99084c755ab1,Mrs.,Petra,D,Koenig,1786 Turkey Pen Lane,Montgomery,AL,36104,US,PetraKoenig@cuvox.de,Basure,334-458-4080
e7a9b8b6-7a03-4c3c-ae61-029fc1c1ba1e,Mr.,Achebe,C,Amaechi,1117 Geraldine Lane,New York,NY,10011,US,AchebeAmaechi@jourrapide.com,Beth1964,646-285-7911
7819f224-f63c-44a1-ab3a-b3cedb775f21,Mrs.,Ivy,B,Taylor,1345 Wescam Court,Reno,NV,89511,US,IvyTaylor@rhyta.com,Himmuch59,775-851-8703
27b39af1-24e8-404e-a993-3560c9de2fb7,Mr.,Keke,P,Tiainen,3836 Hawks Nest Lane,Stlouis,MO,63101,US,KekeTiainen@rhyta.com,Saink1957,314-780-7328
96572116-2556-423b-a7f2-996c0aee23dc,Mr.,Jake,E,Geddes,2650 Drummond Street,Belleville,NJ,07109,US,JakeGeddes@fleckens.hu,Exterais,973-250-9255
baf34da5-579e-4cb6-abb4-743b48abc61b,Mrs.,Małgorzata,J,Dąbrowski ,3897 Melm Street,West Warwick,RI,02893,US,MalgorzataDabrowski@fleckens.hu,Courel,401-270-1836
5216d5cc-e547-46d4-920c-e450d2fb8498,Dr.,Steven,M,McIntyre,3937 Musgrave Street,Oklahoma City,OK,73102,US,StevenMcIntyre@rhyta.com,Thismis,405-235-0867
6583929a-9832-4e22-87b6-9fd62308fc6e,Mrs.,Milena,R,Zaitseva,2547 Lawman Avenue,Arlington,VA,22204,US,MilenaZaitseva@superrito.com,Aring1932,703-302-8376
6d4f145c-2470-4748-88a6-4d6730c980e3,Mr.,Antonio,M,Laporte,418 Hill Haven Drive,Fort Worth,TX,76102,US,AntonioMLaporte@rhyta.com,Hort1989,254-329-5558
030bfd4a-a92d-4158-a0b2-acb1372190c8,Mrs.,Stanislava,I,Lukavská,1530 Millbrook Road,Chicago,IL,60631,US,StanislavaLukavska@rhyta.com,Thomen,630-849-4756
b59c69ee-582f-4519-8dd3-4573f2fed1db,Ms.,Laila,F,Anderson,1531 Haven Lane,Dansville,MI,48819,US,LailaAnderson@jourrapide.com,Caudichiss,517-623-9053
9ed9f4f0-2254-4dad-a5dd-e990d119ba73,Mrs.,Mee,F,Lin,3607 Goldie Lane,Cincinnati,OH,45238,US,MeeLin@gustr.com,Eventere,513-451-8684
ee1ffdc4-7a9a-4c29-899a-bdadef88945f,Mrs.,Agathe,R,Lévesque,2682 Bassell Avenue,Little Rock,AR,72205,US,AgatheLevesque@einrot.com,Fultarly,501-686-3310
f9f705fe-82da-4806-960f-de6c27bc767b,Ms.,Ruby,T,Ryder,777 Caldwell Road,Perry,NY,14530,US,RubyRyder@superrito.com,Illoot,585-237-5139
684f568b-6e96-4ee5-8b42-0abddbb84ea9,Mrs.,Tahlia,J,Anstey,2540 Granville Lane,New Brunswick,NJ,08901,US,TahliaAnstey@armyspy.com,Thionus58,973-527-5609
23153bdf-d848-4c80-b3a5-1e67c477d770,Mrs.,Halldis,B,Tjøtta,4246 Mulberry Avenue,Little Rock,AR,72212,US,HalldisTjtta@armyspy.com,Beffspinget,501-351-6220
b7d140e1-4939-436c-a968-ca7485bdec1d,Mr.,Karel,Z,Dvořák,1053 Charmaine Lane,Amarillo,TX,79101,US,KarelDvorak@cuvox.de,Fespon,806-398-0445
d1ac748b-25e3-4406-a3d3-cabbbe582263,Mrs.,Leokadia,H,Król,763 Eagle Drive,Pontiac,MI,48342,US,LeokadiaKrol@dayrep.com,Rentolosirld,734-680-4747
2f89c9c9-1822-460a-8bad-31715d8ae7be,Ms.,Kinga,K,Vig,3855 Williams Mine Road,New Brunswick,NJ,08901,US,VigKinga@armyspy.com,Posid1958,908-250-4710
01339eaa-3c95-4fa8-ab9d-ef75d51ee73b,Dr.,Murat,R,Pirogov,1533 Concord Street,Charlotte,NC,28262,US,MuratPirogov@rhyta.com,Tabefore,704-548-9344
0598f4fc-721f-462f-8201-3b1ab142c9d6,Mrs.,Eulalie,G,Rouleau,363 Charter Street,Kansas City,KS,64106,US,EulalieRouleau@armyspy.com,Awassome,913-660-7000
299edccb-6095-4bba-ba06-5b27f9744bbf,Ms.,Amber,Z,Miethke,3388 Wood Duck Drive,Gwinn,MI,49841,US,AmberMiethke@gustr.com,Adind1954,906-346-0817
488506b7-6769-49f4-a048-d5d24ef933cb,Ms.,Libuše,J,Stoklasová,3138 Brown Street,Oakland,CA,94612,US,LibuseStoklasova@teleworm.us,Shative,925-892-1647
fac0d0be-4e9d-4c68-af94-f155f6f591c7,Mr.,Tấn,S,Quynh,1278 Radio Park Drive,Augusta,GA,30904,US,QuynhSiTan@armyspy.com,Gocielince,706-667-8957
4729a698-1a67-48dd-b62d-8e9e26c03149,Mr.,Elijah,J,Franklin,4593 Libby Street,Los Angeles,CA,90017,US,ElijahFranklin@superrito.com,Hartur,310-307-4586
86a0f977-f750-4b1a-a779-7c3b1a5c8502,Ms.,Fanndís,M,Karlsdóttir,1262 Bridge Avenue,Lake Charles,LA,70629,US,FanndisKarlsdottir@rhyta.com,Wrelle,337-605-4307
f1e5d883-5e84-427d-a42a-a9e9781be678,Mrs.,Renáta,J,Pondělíčková,2920 Bridge Avenue,Dequincy,LA,70633,US,RenataPondelickova@gustr.com,Husat1985,337-786-8780
81723ca1-7f88-4396-a95b-bea826fcdafe,Mr.,Fesahaye,Y,Alem,4041 Austin Avenue,Savannah,GA,31401,US,FesahayeAlem@teleworm.us,Wheaur,912-295-1365
fcaf9b29-e093-4b0f-a8b1-698d076fce62,Mr.,Leopold,T,Arvidsson,1662 Woodhill Avenue,Queenstown,MD,21658,US,LeopoldArvidsson@einrot.com,Dingion,410-827-6296
912069a3-4bbc-48db-9c4b-7d33ae241330,Mrs.,Fanndís,E,Lúthersdóttir,3725 Stuart Street,Portland,PA,97205,US,FanndisLuthersdottir@dayrep.com,Harnows,724-371-7828
67e97164-8148-472a-9e57-cbe1ae15348e,Ms.,Livia,G,Fernandes,4150 Patton Lane,Charlotte,NC,28202,US,LiviaGomesFernandes@fleckens.hu,Ducand93,919-204-0662
1a94005e-f4ce-4be0-8b2c-7936020cd73c,Mr.,Sami,H,Huuskonen,3120 Aviation Way,Baldwin Park,CA,91706,US,SamiHuuskonen@gustr.com,Bobbled1992,213-825-3101
0256e856-e5b4-43a0-82bb-a8326517e06e,Mrs.,Olga,J,Ledvinková,112 Hidden Valley Road,Lebanon,PA,17042,US,OlgaLedvinkova@gustr.com,Geopect,717-274-9432
6f137e2e-8ecb-4f9f-ad29-b78877cac708,Mr.,Dominique,E,Izmaylov,4377 Sycamore Street,Milpitas,CA,95035,US,DominiqueIzmaylov@armyspy.com,Thathrove,408-934-5021
d0124fdb-0b79-4a35-871b-04c2192d17ac,Mrs.,Meeri,T,Korjus,1923 Russell Street,North Billerica,MA,01862,US,MeeriKorjus@cuvox.de,Fultses,978-857-2421
a00388be-776e-4775-8184-c6e8887ba7d0,Mrs.,Seiko,M,Taniguchi,3608 Maple Lane,Woodland,AL,36280,US,SeikoTaniguchi@gustr.com,Thavisa,256-449-6498
dab6b9d4-65f1-4c48-a14b-569082ac1bcd,Mr.,Isidor,A,Ercigoj,2804 Quiet Valley Lane,Sherman Oaks,CA,91403,US,IsidorErcigoj@fleckens.hu,Iteress,818-936-6681
4b2121a0-2ca1-454d-b193-23fe687d82ba,Mrs.,Summer,N,Waters,1251 Barnes Avenue,Cincinnati,OH,45249,US,SummerWaters@teleworm.us,Joyse1972,513-709-6171
37c2e2c0-1a7f-4a34-99bb-d8b9c3e9f2ae,Ms.,Agotha,O,Gyôrffi,709 Drainer Avenue,Chattahoochee,FL,32324,US,GyorffiAgotha@teleworm.us,Ditach1988,850-663-4549
1f7f1f1c-ada1-4edb-b18f-c4feeaa9facd,Ms.,Matilda,T,Pavlova,1530 Twin Oaks Drive,Traverse City,MI,49686,US,MatildaPavlova@gustr.com,Musbad,231-414-9322
6d440bc4-9122-4fa4-9403-a11479af4bdf,Mr.,Thêm,N,Lương,3655 Watson Street,Pleasantville,NJ,08232,US,LuongNguyenThem@dayrep.com,Niess1986,609-713-2956
30434713-abc1-4a79-928a-b60a918d2e4b,Mrs.,Jaime,J,Braun,2800 Bloomfield Way,Gardiner,ME,04345,US,JaimeJBraun@rhyta.com,Sult1953,207-582-7430
291f9344-edc6-4b1c-8ec5-a5f59bb24178,Mr.,Jan,H,Kočí,4698 Bassel Street,Reserve,LA,70084,US,JanKoci@gustr.com,Cappillemper,985-479-8867
66b524f8-6640-48a6-8e03-ffaddefce3d2,Mrs.,Josie,J,Kirkland,3678 High Meadow Lane,Hazleton,PA,18201,US,JosieJKirkland@einrot.com,Thisfiggo49,570-450-1576
19d4d2f5-6b61-419f-966e-5cd5605e7d09,Mr.,Jakub,A,Sokołowski,923 Willis Avenue,Oak Hill,FL,32759,US,JakubSokolowski@einrot.com,Therage,386-345-9015
780700e6-6ca0-4bd0-9eb6-0f9a65045809,Mr.,Phillipp,S,Trommler,4218 Euclid Avenue,Santa Maria,CA,93458,US,PhillippTrommler@superrito.com,Stoorn,805-345-1214
ee573a9e-1729-4b74-b2b7-032507e31e4b,Mr.,Michael,E,Abelsen,628 Yorkie Lane,Claxton,GA,30417,US,MichaelAbelsen@armyspy.com,Rived1949,912-739-1279
5e8d58df-358d-452a-a97f-6cbed7e93cd5,Mr.,Douglas,A,Costa,3137 Spring Haven Trail,Newark,NJ,07102,US,DouglasAraujoCosta@einrot.com,Noth1946,973-724-8748
7fcd5c6f-4e91-4167-b881-670399757288,Ms.,Lina,L,Gallo,4878 Wyatt Street,Doral,FL,33166,US,LinaGallo@gustr.com,Hiplace,561-474-5639
b225f08c-b0e2-49ad-aaf0-e452f2305727,Mr.,Haylom,S,Russom,2882 Green Avenue,San Jose,CA,95134,US,HaylomRussom@einrot.com,Frace1978,510-809-0875
b94382e6-e470-433f-af01-10a9496c69c9,Mr.,Taira,S,Komori,2878 Hidden Meadow Drive,Grand Forks Air Base,ND,58228,US,TairaKomori@gustr.com,Moret1968,701-741-2844
99ca41ce-ab9c-4388-87b4-916efb301499,Mr.,Natalino,N,Rossi,906 Birch  Street,El Paso,TX,79905,US,NatalinoRossi@teleworm.us,Hortilly,915-771-1751
beeb2728-ab57-49e7-8bee-42b95d8629b2,Mr.,Masamitsu,A,Uenohara,1756 Charla Lane,Irving,TX,75038,US,MasamitsuUenohara@armyspy.com,Coftese,972-751-0691
0d1b6888-7f7d-4145-a4d6-3281dc904773,Ms.,Thea,B,Damgaard,4150 Chatham Way,College Park,MD,20741,US,TheaBDamgaard@jourrapide.com,Wousing,240-684-7538
c76466c3-0890-4ada-9a46-1dd60638ed84,Mr.,Adan,H,Gerges,196 Kelly Drive,Logan,WV,25601,US,AdanHilalGerges@superrito.com,Anall1929,304-928-2524
3d2a29ca-8f6a-46f0-9e23-b6f77af0cca8,Dr.,Sofia,M,Dam,3095 East Avenue,Mesa,AZ,85205,US,SofiaMDam@gustr.com,Nowee1950,480-321-9559
e9d85ba5-851c-42c7-a7b0-41def1723e15,Mr.,Gaetano,G,Udinesi,280 Black Stallion Road,Danville,KY,40422,US,GaetanoUdinesi@armyspy.com,Behonell,859-516-9449
713b8bf0-2bca-4b20-98f7-2e075387b22d,Mr.,Joshua,Z,Sandström,1195 Edsel Road,Sunland,CA,91040,US,JoshuaSandstrom@dayrep.com,Anxiousele,818-446-5247
7b493d5e-5af6-4564-bd3c-5e928efa0f42,Ms.,Ukamaka,C,Kenechi,494 University Hill Road,Fithian,IL,61844,US,UkamakaKenechi@armyspy.com,Lockinsond,217-548-8273
4acccd35-466f-4a85-b96d-d293e870def1,Mrs.,Susanne,P,Schmitt,2180 Taylor Street,White Plains,NY,10601,US,SusanneSchmitt@fleckens.hu,Woud1992,914-596-1909
95190359-a0c6-4201-b0f5-48996d97f8ce,Dr.,Charlotte,L,Martinez,4064 Poco Mas Drive,Dallas,TX,75247,US,CharlotteLMartinez@armyspy.com,Thadfur1980,214-497-6381
bef664eb-07ac-4d63-a401-3532f0cff339,Mr.,Sam,E,Fox,782 Cody Ridge Road,Lawton,OK,73505,US,SamFox@gustr.com,Inces1974,580-510-2832
efec13d1-ac0f-4aa6-b185-9dfda5a4bf7a,Mr.,Gojislav,A,Ivanović,3133 Ritter Street,Ashland,AL,36251,US,GojislavIvanovic@dayrep.com,Whatiall,256-276-8981
2227ab8e-9d51-4b82-822f-e5f3e91797a5,Mr.,Teppo,J,Ryynänen,2288 Badger Pond Lane,Pittsburgh,PA,15219,US,TeppoRyynanen@dayrep.com,Peammeak,724-987-9751
803a803d-b4f6-4e20-97b6-cd38951f63f1,Mrs.,Heng,M,Chiang,981 Watson Lane,Sylva,NC,28779,US,HengChiang@armyspy.com,Hite1953,828-788-6869
e71c52c4-6af3-4aa9-a33d-9919daf7c836,Mr.,Oskar,R,Andersen,4765 Drainer Avenue,Molino,FL,32577,US,OskarRAndersen@gustr.com,Firly1945,850-587-0617
225438f7-b865-41be-9583-e27f26f74fd1,Mr.,Anssi,K,Hentinen,2499 Marcus Street,Huntsville,AL,35802,US,AnssiHentinen@einrot.com,Fortioneaks,256-658-6097
e1692ac5-07a0-4e02-83a0-dd9337952783,Mrs.,Alessia,T,Rangel,715 Neuport Lane,Alpharetta,GA,30201,US,AlessiaRangelMedina@jourrapide.com,Rompubse,770-343-1853
1de80e2a-78b5-4909-85e9-aa9b7185e579,Ms.,Sophie,J,Barrett,1167 Tibbs Avenue,South Flaxville,MT,59222,US,SophieBarrett@armyspy.com,Earbaccupose,406-779-1138
38bd4faa-67f7-4f95-9b1f-f181638daf72,Mrs.,Miroslava,E,Vysloužilová,3139 Jadewood Farms,Newark,NJ,07102,US,MiroslavaVyslouzilova@cuvox.de,Bethis,973-343-3824
02a430af-8247-4b20-9228-bdb3af44ac4b,Mr.,Tvrtko,M,Vidaković,3538 Orphan Road,Long Lake,WI,54542,US,TvrtkoVidakovic@gustr.com,Mandred,715-967-8108
b816bbcd-8b96-4de8-80aa-e2b45e8d46ad,Mr.,Alfie,A,Bull,2504 Public Works Drive,Morristown,TN,37813,US,AlfieBull@einrot.com,Thistoll,423-327-0610
763f0ad3-0dc0-44b3-82e8-7072896bf848,Mr.,Pháp,Đ,Đoàn,3974 Elliott Street,Manchester,NH,03103,US,oanangPhap@dayrep.com,Tintown,603-618-6406
a2a6ae4d-2ede-4c23-b6cb-cb14cf5560fc,Mr.,Oscar,T,Rossi,1501 Lang Avenue,Salt Lake City,UT,84104,US,OscarRossi@einrot.com,Tedgence,435-994-3032
929c66e2-3f37-4be8-8f11-3e560ca6e964,Mr.,Dahlak,S,Samuel,860 Franklin Avenue,La Ward,TX,77970,US,DahlakSamuel@teleworm.us,Ovell1957,361-872-0663
37937b71-0411-4c14-9fc9-3de28238a38b,Mr.,Hitoshi,E,Fujioka,176 University Hill Road,Watson,IL,62473,US,HitoshiFujioka@fleckens.hu,Poill1969,217-536-6856
661b2ec0-3ab3-4b1a-9bdc-e71e57c67e46,Mr.,Erick,A,Martins,4874 D Street,Mount Clemens,MI,48043,US,ErickAlvesMartins@rhyta.com,Swervage,586-466-7149
e8a9f53a-1dfe-4199-a534-ce9d9d448424,Mrs.,Lilly,C,Simson,1445 Hall Place,Texarkana,TX,75501,US,LillySimson@superrito.com,Badmight,903-701-3855
47d97794-bd83-4bb4-891b-57b67fdc4150,Mr.,Amanuel,S,Haile,2793 Grey Fox Farm Road,Houston,TX,77063,US,AmanuelHaile@fleckens.hu,Theteras,281-734-6610
f70a000b-4c4f-4494-945f-50b12931ff6a,Ms.,Gabrielle,Q,Deblois,4952 Stanton Hollow Road,Bedford,MA,01730,US,GabrielleDeblois@rhyta.com,Wousidersing1930,781-533-4149
6b3ae113-14ac-4846-a981-69df8250aa2a,Mr.,Martin,M,Hendrych,4431 Oakwood Avenue,New York,NY,10011,US,MartinHendrych@jourrapide.com,Hipplas,212-647-6462
c0db4bfa-57da-41dd-8bd0-c22ded7ba390,Mr.,Steven,K,Albers,2755 Sycamore Lake Road,Green Bay,WI,54304,US,StevenKAlbers@rhyta.com,Hicle1940,920-499-1854
41437226-57c9-4cc0-b94d-926429ae7d14,Mr.,Atalo,M,Irizarry,3194 Colonial Drive,Houston,TX,77032,US,AtaloIrizarryRivera@cuvox.de,Forgue,979-709-2373
6e0d2cae-c3da-46d5-8abf-52c17859f08b,Mr.,Beriszl,K,Donko,4631 Hickman Street,Hinsdale,IL,60521,US,DonkoBeriszl@cuvox.de,Pretage1977,630-455-1251
18978d87-4c62-4de0-a7cb-9fee1d91041c,Mr.,Mãng,K,Vũ,3443 Isaacs Creek Road,Sherman,IL,62684,US,VuKimMang@cuvox.de,Steris1968,217-496-9036
093cdece-6bd4-4275-9bb5-28e93751d82d,Mrs.,Jessie,D,Warren,4818 Bombardier Way,Taylor,MI,48180,US,JessieDWarren@dayrep.com,Marn1943,734-946-7461
1622faa2-3cda-46b3-90ea-b60bed9ea9dc,Mr.,Henry,I,Kennedy,2982 Snyder Avenue,Matthews,NC,28105,US,HenryKennedy@armyspy.com,Muld1976,704-618-3235
4c6ced35-4a43-45d8-8d2e-e795857f53a6,Mrs.,Jadwiga,H,Tomaszewska,1916 Lynn Street,North Billerica,MA,01862,US,JadwigaTomaszewska@teleworm.us,Maind1940,617-285-9253
09853e5c-c0cf-4b81-b6bd-db74e5ed07be,Mr.,Prudens,I,Paredes,2816 Hemlock Lane,Harlingen,TX,78550,US,PrudensParedesGranado@jourrapide.com,Micketionath,956-423-2910
22dc978a-052f-4616-8c97-85b7fdda71d8,Mr.,Iivari,S,Warelius,4421 Bingamon Road,Brecksville,OH,44141,US,IivariWarelius@gustr.com,Clagre,440-546-7194
fae6da6d-4026-41a2-8310-bdd434299d01,Mr.,Taj,S,Monnier,4169 Bridge Street,Tulsa,OK,74120,US,TajMonnier@cuvox.de,Tritopphand,918-907-1504
655004a8-cd92-4472-ad57-e523c99f068c,Mrs.,Tochukwu,O,Nkemdilim,2253 Rockwell Lane,Elizabeth City,NC,27909,US,TochukwuNkemdilim@armyspy.com,Ithencinde1949,252-573-2952
f8da873c-6fbe-4522-9cd9-3f99676c34e9,Mr.,Caio,L,Fernandes,3540 Spinnaker Lane,Rockford,IL,61101,US,CaioLimaFernandes@teleworm.us,Woliftell79,815-703-7864
27aa3cbc-39d9-4aaa-a0a0-b7a9350c1bde,Mr.,Andy,I,Reyna,1610 Simpson Square,Beaver,OK,73932,US,AndyReynaGuzman@armyspy.com,Woreavelesor41,580-625-2613
44b7da83-9b5d-4ad7-b5bb-df1add9a7a53,Mr.,Ermias,S,Osman,1413 Station Street,Richmond,CA,94801,US,ErmiasOsman@fleckens.hu,Threemorming,510-970-7732
1740e36d-7335-4fc9-a7bc-ca1237f4bebc,Mr.,Nikodem,Z,Czarnecki,2077 Robinson Lane,Delaware,OH,43015,US,NikodemCzarnecki@jourrapide.com,Borld1994,740-363-6192
e5fd4792-e4bd-4b9e-a2e4-5c63637b1c17,Mr.,Gabrjel,W,Woźniak,1016 Grant View Drive,New Berlin,WI,53151,US,GabrjelWozniak@armyspy.com,Himentionce,414-378-1916
a84d3981-0f32-4475-95b6-f39d3cb833be,Mr.,Max,P,Müller,696 Seth Street,Hawley,TX,79525,US,MaxMuller@teleworm.us,Polornet1987,325-537-8390
c5d6a37a-2881-4662-a74f-2d3f810fbb58,Ms.,Sinit,N,Abel,1421 Cross Street,Caro,MI,48723,US,SinitAbel@cuvox.de,Thrioned,989-963-4366
885cd566-6188-413e-9bdb-0c8a697feedb,Ms.,Malcsi,Z,Takács,1224 Limer Street,Atlanta,GA,30308,US,TakacsMalcsi@teleworm.us,Saink1962,706-410-9081
dd6abee5-13bb-4568-b399-6a0cf01a0a10,Mr.,Endre,D,Vida,892 Burnside Court,Phoenix,AZ,85003,US,VidaEndre@rhyta.com,Gron1980,602-441-7874
02174300-4349-4e3b-a567-d45d57a8d5b2,Mrs.,Sophie,E,Grunwald,2214 Pine Tree Lane,Frederick,MD,21703,US,SophieGrunwald@cuvox.de,Wassent,240-409-3270
97f21ba4-ca30-46a3-9f5a-048d5cda4166,Ms.,Sharin,K,Brusse,1594 Fraggle Drive,Chicago,IL,60631,US,SharinBrusse@dayrep.com,Esces1980,630-401-2802
312f3225-2147-4911-a658-a7be2dced8f5,Mrs.,Gabriella,J,Leigh,2995 Sardis Sta,Frisco,TX,75034,US,GabriellaLeigh@jourrapide.com,Fourplealis51,817-618-3074
623235da-5a30-48ca-b098-f68f26bfe6e2,Ms.,Birthe,P,Rosing,4065 Earnhardt Drive,Louisville,KY,40202,US,BirtheRosing@rhyta.com,Butyllé,502-657-3977
94b572ef-707b-4771-9188-46f7f2282326,Mr.,Luka,R,Danielsson,1538 Cedar Street,Prescott,AR,71857,US,LukaDanielsson@einrot.com,Siging,870-887-6454
2135f232-143c-4893-b790-cfdaec8e7a35,Ms.,Sun,N,Hsiung,3803 Milford Street,Nashua,NH,03060,US,SunHsiung@einrot.com,Oneten,603-685-2140
06730fcc-446c-4f46-b4c1-10dfc642ca99,Mrs.,Lụa,T,Quynh,1448 Lynn Street,Boston,MA,02110,US,QuynhThiBachLua@gustr.com,Anctioni,617-316-3098
70b8c731-a206-4a6b-a5ac-8f5b51656534,Mr.,Châu,T,Lạc,870 Midway Road,Gentry,AR,72734,US,LacThatChau@teleworm.us,Belabothe,479-736-5334
a8e168b2-2178-4906-8f7c-0abb51723001,Ms.,Anci,K,Gyenis,4857 Scenic Way,Danville,IL,61832,US,GyenisAnci@superrito.com,Millikesse,217-709-6509
f064e936-d7d9-4716-a4c5-9356a34cf155,Ms.,Rong,B,Liang,567 Meadow Lane,Napa,CA,94559,US,RongLiang@teleworm.us,Fropeasithey,707-258-8784
e11c7f0f-e8f2-45b2-a03b-5d6f53d7393a,Mr.,Michelangelo,D,Panicucci,976 August Lane,Alexandria,LA,71302,US,MichelangeloPanicucci@teleworm.us,Rappress,318-463-8075
f1037213-dd4f-4081-82cd-d8332d44277a,Dr.,Claus,I,Peralta,2976 Yorkie Lane,Jekyll Island,GA,31527,US,ClausPeraltaJurado@fleckens.hu,Stram1932,912-635-5651
df24aa7f-0807-4c32-aa9e-333a0b23566d,Ms.,Kiều,T,Hồ,4122 Peaceful Lane,Cleveland,OH,44109,US,HoThiNgocKieu@superrito.com,Maxuld,216-485-3162
6d5289d7-2db3-4350-8f1a-60bbc35f4d34,Mr.,Mathias,S,Jørgensen,1196 Water Street,Livermore,CA,94550,US,MathiasJrgensen@rhyta.com,Poeshered1977,925-294-6465
4b8d2d3b-ca94-4d4d-88c2-44ef7d61714f,Ms.,Nneamaka,O,Ikechukwu,2200 Anmoore Road,Queens,NY,11423,US,NneamakaIkechukwu@teleworm.us,Hiscor,718-776-9198
c09e23a5-3910-47ba-ac41-3f73ef0a3ffc,Mrs.,Zoe,S,Wheeler,307 Twin Willow Lane,Laurinburg,NC,28352,US,ZoeWheeler@jourrapide.com,Upprow1979,910-461-7915
4aa805d4-4f3a-4d8e-9593-9b1b0478f8a4,Ms.,Jakobine,J,Jørgensen,478 Camden Street,Reno,NV,89501,US,JakobineJrgensen@superrito.com,Consing1966,775-283-9299
8165f361-5174-411c-b2b7-ff9c12b3094c,Ms.,Mới,T,Tôn,3324 Adams Drive,San Angelo,TX,76903,US,TonThiCamMoi@superrito.com,Bagat1942,979-302-8068
cade47e6-e304-4866-97dd-c89ef12bd883,Mrs.,Adaku,U,Osonduagwuike,3676 Boone Street,Corpus Christi,TX,78401,US,AdakuOsonduagwuike@jourrapide.com,Tuptionvill,361-248-1066
80911d46-01af-4989-946d-d70dd73376f5,Mr.,Jalil,N,Tuma,4240 Diamond Cove,Providence,RI,02903,US,JalilNasibTuma@fleckens.hu,Difule37,401-330-4472
d37629bb-356e-4889-a2ab-0ff492dbe1c4,Ms.,Yi Jie,B,Ts'ai,3417 Buena Vista Avenue,Portland,OR,97204,US,YiJieTsai@cuvox.de,Opinkh,541-610-0960
5e7995e8-a62e-45e8-bb48-ae8e1bbef1e7,Mr.,Édouard,S,Poirier,439 Fire Access Road,Greensboro,NC,27406,US,EdouardPoirier@dayrep.com,Cloons,336-949-0319
a2e3fd11-a63c-4e1e-ad46-03551f1fed2c,Dr.,Gabi,S,Langåker,963 Shearwood Forest Drive,Manchester,NH,03101,US,GabiLangaker@gustr.com,Masualf,603-319-3379
5144c057-36b3-4de9-8271-7a75b8848907,Mr.,Nnachetam,S,Iweobiegbulam,2998 Spinnaker Lane,Chicago,IL,60606,US,NnachetamIweobiegbulam@einrot.com,Affew1939,815-669-8046
7c06e742-ace0-4344-9cc9-a8ccf2f1a73f,Ms.,Nivi,K,Christensen,4822 Oakway Lane,Los Angeles,CA,90017,US,NiviChristensen@superrito.com,Betheareast,818-304-8545
56ddbb2b-c807-4ded-9872-84bb83a60b1d,Ms.,Helen,A,Asmara,4352 Euclid Avenue,Paso Robles,CA,93446,US,HelenAsmara@fleckens.hu,Spose1989,805-239-7216
8acbabc3-d8ab-4372-8a7c-2b1c3ed1f55e,Ms.,Bettina,P,Nemes,1323 Glen Falls Road,Philadelphia,PA,19145,US,NemesBettina@cuvox.de,Himenced,215-897-3084
23f48e0f-692c-4399-b6ee-87ff88029dfc,Mr.,Arne,N,Isaksen,455 Alfred Drive,Brooklyn,NY,11223,US,ArneIsaksen@superrito.com,Bretterl,718-265-8867
a3246a58-774b-40ca-bd09-970e55da9d91,Ms.,Tamami,E,Tenno,3355 Michael Street,Houston,TX,77002,US,TamamiTenno@cuvox.de,Numentrut,713-752-2773
2c8558bc-a8ac-4483-b0b9-9bf1059b5da9,Mr.,Sa'ib,U,Samaha,2886 Arlington Avenue,Gould,AR,71643,US,SaibUsaymSamaha@einrot.com,Proom1979,870-263-0571
0bd6b2cd-c0c7-4e06-a114-4db63a05c320,Mr.,Leopold,V,Degtyarev,4817 Pooh Bear Lane,Greenville,SC,29601,US,LeopoldDegtyarev@superrito.com,Cluall,864-751-9237
c82b0cb6-e122-4bda-9d13-94054eed798a,Mr.,Kevin,B,Twigg,18 Raintree Boulevard,Oak Grove,MN,55433,US,KevinBTwigg@einrot.com,Thouldre,763-753-4121
eed06f29-c6f8-4bbf-8eb7-eaa475bd4ce9,Ms.,Emilly,R,Silva,2592 Chapmans Lane,Carlsbad,NM,88220,US,EmillyRochaSilva@armyspy.com,Thesho1930,505-817-6295
38ddb606-aaa6-44ff-9ad6-0299ba6e6f5a,Mr.,Marcello,G,Kozlevčar,479 Columbia Mine Road,Charleston,WV,25314,US,MarcelloKozlevcar@rhyta.com,Candepoccus,304-546-3338
22c3dec5-6f0d-4f7e-8729-a617811912f2,Ms.,Olga,T,Synková,3381 Hewes Avenue,Baltimore,MD,21202,US,OlgaSynkova@superrito.com,Shoody,443-603-7562
b45d9769-33af-4c20-82c5-d6e737a5b4d3,Mr.,Samuel,R,Cardoso,43 Dye Street,Tempe,AZ,85281,US,SamuelRodriguesCardoso@superrito.com,Turk1946,480-774-5841
954fd047-a19e-4234-8df3-320e9be965bb,Mr.,Stefan,B,Finkel,1752 Renwick Drive,Philadelphia,PA,19103,US,StefanFinkel@superrito.com,Mookedis,484-291-2156
d9911c40-9bd1-4c77-b340-1d35b4d0c2a3,Ms.,Maddison,A,Hunter,2256 Sunset Drive,Forrest City,AR,72335,US,MaddisonHunter@cuvox.de,Chreash81,870-633-1562
41c5050f-0d48-471e-80e7-e8288ffbde84,Mr.,Chi,W,Ts'ai,3434 Liberty Avenue,San Bernardino,CA,92401,US,ChiTsai@fleckens.hu,Batouth32,714-489-8890
5c30c56d-41d0-4f45-a28b-1cca5a89df00,Mr.,Luukas,E,Suutari-Jääskö,3363 Eva Pearl Street,Denham Springs,LA,70726,US,LuukasSuutari-Jaasko@superrito.com,Afterice,225-667-6601
e2db4763-0382-4920-961d-09d99df57427,Mr.,Joseph,M,Watson,616 Lost Creek Road,Minneapolis,MN,55402,US,JosephMWatson@dayrep.com,Voymaiden,612-215-1375
caabbd91-2593-4cbc-8e35-0f839a3ca8f7,Mr.,Zachary,T,Onians,627 Duncan Avenue,New York,NY,10011,US,ZacharyOnians@armyspy.com,Hiscambeste,917-553-0778
b5778bd6-8cf1-43be-9fc3-f7ab920bc01e,Mr.,Mus'ab,N,Sabbag,2940 Graystone Lakes,Macon,GA,31201,US,MusabNadhirSabbag@rhyta.com,Eciou1987,478-326-4054
4806c3a6-f105-4176-84c4-489be94f7c9f,Mrs.,Caroline,S,Henriksen,1571 Elliot Avenue,Seattle,WA,98109,US,CarolineSHenriksen@teleworm.us,Yetlenownew,206-563-9941
dcc8a597-289b-4b2f-803e-cbe2189c581b,Mr.,Henki,Å,Skotnes,206 Jail Drive,Culver City,CA,90232,US,HenkiSkotnes@superrito.com,Irthe1948,310-204-9911
831cbccc-bd32-4a79-8c6f-741f5a944eda,Mr.,Swen,D,Beich,96 Glen Falls Road,Philadelphia,PA,19131,US,SwenBeich@dayrep.com,Favertand,215-883-3558
bb7f1bda-c7a1-4338-a863-57be8614a729,Mr.,Beqir,C,Jakopina,468 Woodland Drive,Sioux City,IA,51108,US,BeqirJakopina@cuvox.de,Legre1985,712-239-4705
7be82669-06c6-42cc-b390-c17b9efe176e,Ms.,Shuruq,S,Baz,3556 Margaret Street,Sugar Land,TX,77478,US,ShuruqSuhaimahBaz@armyspy.com,Ounge1994,713-901-3978
5065fa90-b08d-4bd6-8d45-c18fb81f4fba,Ms.,Sara,M,Miller,3566 Walnut Drive,West Fargo,ND,58078,US,SaraMiller@gustr.com,Baccumare,701-433-5817
e89b77fc-f6c2-4122-a55a-38bdaa4431b9,Mr.,Arpad,E,Tóth,4814 Bel Meadow Drive,Redlands,CA,92373,US,TothArpad@jourrapide.com,Phoonew,909-307-7988
6f252ba9-6d74-4e96-9ecc-87170a74f135,Mr.,Sieme,G,Braber,3618 Rowes Lane,Madisonville,KY,42431,US,SiemeBraber@armyspy.com,Himpt1943,270-643-0779
e6ff0778-133e-4f6e-a6b2-aa7cf638b1c4,Mr.,Khôi,L,Lê,1827 Hickory Ridge Drive,Las Vegas,NV,89108,US,LeLeKhoi@teleworm.us,Ressibing29,702-655-5808
e225f257-ac65-43ed-a1d4-8eb7d76e2346,Ms.,Naima,J,Arvidsson,409 Carriage Court,Homestead Valley,CA,92284,US,NaimaArvidsson@dayrep.com,Whispiever,760-364-3765
aed59d1e-3614-4e08-9ce4-0c429ceebcbe,Mr.,Per,E,Lundblad,3895 Crestview Terrace,Lytle,TX,78052,US,PerLundblad@teleworm.us,Whicagoers,830-709-4359
fd321a32-08f6-4fc8-9003-5f2bfc1d1373,Mr.,Thái,X,Thủy,3232 Dovetail Estates,Connerville,OK,74836,US,ThuyXuanThai@superrito.com,Agrot1963,580-836-7286
403c36db-4eb6-43dd-b2ca-ea72c9acf6e3,Mr.,Viljo,L,Sjöström,4733 Rodney Street,Saint Louis,MO,63119,US,ViljoSjostrom@gustr.com,Mamed1949,636-415-0476
4f3d7e10-95d4-48a6-a8e2-779b376666bf,Mr.,Daniel,H,Fransson,4040 Murphy Court,Riverside,CA,92507,US,DanielFransson@armyspy.com,Blittion1969,951-968-3358
445fc7ab-7c5d-48df-9b4b-c46cc8708b16,Mr.,Radek,J,Bouška,410 Hiddenview Drive,Cleveland,OH,44114,US,RadekBouska@teleworm.us,Forway1987,216-224-0159
c7086bf5-c133-42d7-b30f-23b7673c0e12,Mr.,Neno,Ž,Grabljić,2716 Arrowood Drive,Jacksonville,FL,32207,US,NenoGrabljic@superrito.com,Eter1971,904-425-4442
45d78885-f6e4-4924-b5e6-1e801a2a8500,Ms.,Angela,V,Fedorova,1999 Grant View Drive,Milwaukee,WI,53216,US,AngelaFedorova@armyspy.com,Carrais1933,414-444-6317
95f9b427-a86b-4ed8-bcbe-9531f1a4d8c5,Mr.,Amar,E,Lindholm,1481 Cimmaron Road,Los Angeles,CA,90017,US,AmarLindholm@superrito.com,Mazed1994,714-592-4611
a3f92a06-37e0-429b-a657-57f2829aa330,Ms.,Kedija,Y,Fikru,3929 Collins Avenue,Canal Winchester,OH,43110,US,KedijaFikru@teleworm.us,Getch1975,614-837-5893
c4a87a6f-0114-4e0e-990e-2fef905ebf9a,Mr.,Dióscoro,I,Carbajal,4031 Doe Meadow Drive,Savage,MD,20763,US,DioscoroCarbajalBustos@rhyta.com,Doomad,301-510-9034
5b5369fb-1f7a-4ba6-b3cf-330df5202b88,Ms.,Anita,J,Kónya,4786 Brown Bear Drive,Riverside,CA,92503,US,KonyaAnita@gustr.com,Fixied,951-710-1040
7df263f1-9399-4c45-9041-9c54ad09e929,Mrs.,Jennifer,V,Korcová,3119 Camden Street,Reno,NV,89501,US,JenniferKorcova@teleworm.us,Hurned,775-348-6790
7f90d24b-28a1-4f27-96b5-6d66d4b10fce,Dr.,Gladys,S,Porras,3495 Breezewood Court,Pratt,KS,67124,US,GladysPorrasMenendez@armyspy.com,Bessithomfor,620-450-5294
bcd6f96b-60be-40a8-bb30-ccfa8a51c2ba,Mr.,Théodore,B,Labrecque,3458 Glory Road,Nashville,TN,37201,US,TheodoreLabrecque@teleworm.us,Dichat,931-693-8218
2fa0149a-415d-419f-814b-c563672eb80f,Mrs.,Veronika,D,Voborníková,4084 Centennial Farm Road,Bigelow,IA,56117,US,VeronikaVobornikova@jourrapide.com,Suan1973,712-682-7546
ce4e0eea-05e5-4480-aa36-45a66c865a58,Mr.,Svend,J,Jakobsen,4389 Gerald L. Bates Drive,South Boston,MA,02127,US,SvendJakobsen@superrito.com,Thiptin94,617-795-4641
314e0838-fed6-491e-8ac8-6f0309028b2e,Ms.,Amélie,B,Gervais,1067 Irving Road,Mingo Junction,OH,43938,US,AmelieGervais@teleworm.us,Thispips1955,740-535-8439
0c6a44f7-dfad-4217-a5a7-8ce858aeb7d4,Dr.,Andrija,S,Matković,312 Seneca Drive,Portland,OR,97225,US,AndrijaMatkovic@dayrep.com,Thister,503-883-4285
83e37755-50cf-4b3b-ae46-959488bdefc3,Dr.,Jason,I,Henderson,2423 Rainbow Road,Alhambra,CA,91801,US,JasonHenderson@fleckens.hu,Hisfier1990,626-282-1587
d401231f-bfdd-4748-8076-52e4f9856f75,Ms.,Dean,T,Aleksandrova,3990 Berkley Street,Chester Heights,PA,19017,US,DeanAleksandrova@dayrep.com,Meman1947,484-840-5427
463b102b-c058-4eb7-8396-43ab0796564a,Mr.,Mohamed,N,Karlsson,1107 Holt Street,Fort Lauderdale,FL,33301,US,MohamedKarlsson@superrito.com,Witchany,561-327-1002
147c0860-39b7-473e-b6cd-413b54703d6e,Mr.,Ole,E,Jakobsen,1633 Chandler Hollow Road,Homestead,PA,15120,US,OleJakobsen@gustr.com,Chand1955,412-464-7016
84ce4db1-c112-4ddb-9c32-6596c0cf6f1e,Dr.,Noor,K,Masih,1372 Meadow View Drive,Hartford,CT,06103,US,NoorKhalisahMasih@einrot.com,Gematreheive,860-506-7986
077ceab8-22a0-4e40-a055-58e64688ca16,Ms.,Martyna,J,Borkowska,1726 Jehovah Drive,Staunton,VA,24401,US,MartynaBorkowska@rhyta.com,Thingaing,540-490-6285
81e36b67-4fb8-4f16-9ce3-526d31b0b441,Mr.,Christian,N,Kristoffersen,4690 Rowes Lane,Bowling Green,KY,42101,US,ChristianNKristoffersen@teleworm.us,Repostity,270-612-0769
f0486e91-0b08-4c8c-b635-3cf07b3b6824,Ms.,Nikole,T,Guzmán,4039 Harley Vincent Drive,East Claridon,OH,44033,US,NikoleGuzmanLoya@gustr.com,Rong1965,440-635-3035

